Timer,AX,AY,AZ,GX,GY,GZ,A
"0","0","2","-28","0","2","0","359,9375"
"4","0","2","-28","-3","-1","0","359,9375"
"12","-1","2","-31","-3","-1","0","359,9375"
"12","-1","2","-31","1","-2","0","359,9375"
"20","0","3","-30","1","-2","0","359,9375"
"24","0","3","-30","-3","-1","0","359,9375"
"33","-3","0","-30","-3","-1","0","359,9375"
"33","-3","0","-30","-2","1","0","359,9375"
"41","0","2","-28","-2","1","0","359,9375"
"41","0","2","-28","0","3","0","359,9375"
"49","-2","2","-29","0","3","0","359,9375"
"53","-2","2","-29","0","-1","0","359,9375"
"61","-2","4","-30","0","-1","0","359,9375"
"61","-2","4","-30","-1","0","0","359,9375"
"69","-2","1","-30","-1","0","0","359,9375"
"73","-2","1","-30","-3","2","0","359,9375"
"82","-4","2","-29","-3","2","0","359,9375"
"82","-4","2","-29","-2","-1","0","359,9375"
"90","-1","1","-26","-2","-1","0","359,9375"
"94","-1","1","-26","-1","-1","0","359,9375"
"102","-2","1","-29","-1","-1","0","359,9375"
"102","-2","1","-29","-2","2","0","359,9375"
"110","-3","0","-28","-2","2","0","359,9375"
"110","-3","0","-28","0","1","0","359,9375"
"122","-1","3","-30","0","1","0","359,9375"
"123","-1","3","-30","-2","-1","0","359,9375"
"131","-2","3","-26","-2","-1","0","359,9375"
"131","-2","3","-26","2","2","0","359,9375"
"139","0","0","-28","2","2","0","359,9375"
"143","0","0","-28","1","0","0","359,9375"
"151","-1","1","-26","1","0","0","359,9375"
"151","-1","1","-26","0","3","0","359,9375"
"159","-2","2","-32","0","3","0","359,9375"
"163","-2","2","-32","2","0","0","359,9375"
"172","-2","0","-28","2","0","0","359,9375"
"172","-2","0","-28","-1","1","0","359,9375"
"180","0","0","-29","-1","1","0","359,9375"
"184","0","0","-29","-1","2","0","359,9375"
"192","0","0","-26","-1","2","0","359,9375"
"192","0","0","-26","2","2","0","359,9375"
"201","-1","2","-29","2","2","0","359,9375"
"204","-1","2","-29","-1","-1","0","359,9375"
"213","-1","0","-30","-1","-1","0","359,9375"
"213","-1","0","-30","-1","1","0","359,9375"
"221","-2","0","-27","-1","1","0","359,9375"
"221","-2","0","-27","4","0","0","359,9375"
"233","-3","1","-29","4","0","0","359,9375"
"233","-3","1","-29","3","2","0","359,9375"
"242","0","1","-29","3","2","0","359,9375"
"242","0","1","-29","0","1","0","359,9375"
"250","-1","3","-27","0","1","0","359,9375"
"254","-1","3","-27","2","0","0","359,9375"
"262","-1","2","-31","2","0","0","359,9375"
"262","-1","2","-31","1","-1","0","359,9375"
"270","-3","3","-27","1","-1","0","359,9375"
"274","-3","3","-27","-3","-1","0","359,9375"
"282","-1","2","-28","-3","-1","0","359,9375"
"283","-1","2","-28","-1","-2","0","359,9375"
"291","0","4","-27","-1","-2","0","359,9375"
"294","0","4","-27","-1","-5","0","359,9375"
"303","-1","1","-29","-1","-5","0","359,9375"
"303","-1","1","-29","1","1","0","359,9375"
"311","-1","1","-30","1","1","0","359,9375"
"311","-1","1","-30","0","-1","0","359,9375"
"319","-2","0","-32","0","-1","0","359,9375"
"323","-2","0","-32","0","2","0","359,9375"
"332","0","1","-28","0","2","0","359,9375"
"332","0","1","-28","2","-3","0","359,9375"
"340","-2","4","-27","2","-3","0","359,9375"
"344","-2","4","-27","-1","1","0","359,9375"
"352","0","1","-27","-1","1","0","359,9375"
"352","0","1","-27","-3","-3","0","359,9375"
"360","-1","1","-31","-3","-3","0","359,9375"
"364","-1","1","-31","-1","-1","0","359,9375"
"373","0","1","-27","-1","-1","0","359,9375"
"373","0","1","-27","-1","0","0","359,9375"
"381","-1","2","-28","-1","0","0","359,9375"
"385","-1","2","-28","1","-3","0","359,9375"
"393","-2","1","-29","1","-3","0","359,9375"
"393","-2","1","-29","-1","0","0","359,9375"
"401","-1","2","-29","-1","0","0","359,9375"
"401","-1","2","-29","-1","5","0","359,9375"
"409","0","1","-31","-1","5","0","359,9375"
"413","0","1","-31","0","-2","0","359,9375"
"422","0","3","-31","0","-2","0","359,9375"
"422","0","3","-31","-4","-1","0","359,9375"
"430","-2","2","-29","-4","-1","0","359,9375"
"434","-2","2","-29","-2","1","0","359,9375"
"442","-2","1","-27","-2","1","0","359,9375"
"442","-2","1","-27","0","-1","0","359,9375"
"450","0","2","-28","0","-1","0","359,9375"
"454","0","2","-28","0","0","0","359,9375"
"463","-2","2","-29","0","0","0","359,9375"
"463","-2","2","-29","-1","0","0","359,9375"
"471","0","2","-30","-1","0","0","359,9375"
"475","0","2","-30","-5","2","0","359,9375"
"483","-1","2","-30","-5","2","0","359,9375"
"483","-1","2","-30","-1","-3","0","359,9375"
"491","-3","3","-29","-1","-3","0","359,9375"
"492","-3","3","-29","-1","-1","0","359,9375"
"503","0","0","-27","-1","-1","0","359,9375"
"504","0","0","-27","0","1","0","359,9375"
"512","-1","1","-30","0","1","0","359,9375"
"512","-1","1","-30","1","0","0","359,9375"
"520","-1","3","-30","1","0","0","359,9375"
"524","-1","3","-30","-1","0","0","359,9375"
"532","-2","3","-26","-1","0","0","359,9375"
"533","-2","3","-26","-1","2","0","359,9375"
"540","-3","0","-27","-1","2","0","359,9375"
"544","-3","0","-27","1","0","0","359,9375"
"553","0","1","-31","1","0","0","359,9375"
"553","0","1","-31","-2","0","0","359,9375"
"561","-3","3","-31","-2","0","0","359,9375"
"565","-3","3","-31","0","0","0","359,9375"
"573","-2","1","-30","0","0","0","359,9375"
"573","-2","1","-30","1","-2","0","359,9375"
"581","-2","1","-30","1","-2","0","359,9375"
"585","-2","1","-30","-1","-2","0","359,9375"
"594","-1","0","-26","-1","-2","0","359,9375"
"594","-1","0","-26","0","0","0","359,9375"
"602","1","1","-28","0","0","0","359,9375"
"602","1","1","-28","-1","-3","0","359,9375"
"610","0","2","-28","-1","-3","0","359,9375"
"614","0","2","-28","-3","-1","0","359,9375"
"622","-1","2","-29","-3","-1","0","359,9375"
"623","-1","2","-29","-3","0","0","359,9375"
"630","-2","2","-29","-3","0","0","359,9375"
"635","-2","2","-29","0","0","0","359,9375"
"643","-3","2","-29","0","0","0","359,9375"
"643","-3","2","-29","-4","1","0","359,9375"
"651","-2","0","-28","-4","1","0","359,9375"
"655","-2","0","-28","-1","1","0","359,9375"
"663","-1","0","-27","-1","1","0","359,9375"
"664","-1","0","-27","-1","-1","0","359,9375"
"671","-3","3","-28","-1","-1","0","359,9375"
"675","-3","3","-28","0","0","0","359,9375"
"684","-2","0","-28","0","0","0","359,9375"
"684","-2","0","-28","-1","4","0","359,9375"
"692","-2","2","-27","-1","4","0","359,9375"
"692","-2","2","-27","1","2","0","359,9375"
"700","0","1","-29","1","2","0","359,9375"
"704","0","1","-29","0","0","0","359,9375"
"713","-2","2","-30","0","0","0","359,9375"
"713","-2","2","-30","0","0","0","359,9375"
"721","-2","2","-27","0","0","0","359,9375"
"725","-2","2","-27","-2","-1","0","359,9375"
"733","0","1","-31","-2","-1","0","359,9375"
"733","0","1","-31","-2","2","0","359,9375"
"741","-1","2","-29","-2","2","0","359,9375"
"745","-1","2","-29","-1","1","0","359,9375"
"753","0","2","-28","-1","1","0","359,9375"
"753","0","2","-28","1","1","0","359,9375"
"762","-1","1","-28","1","1","0","359,9375"
"766","-1","1","-28","0","3","0","359,9375"
"774","-4","0","-29","0","3","0","359,9375"
"774","-4","0","-29","0","1","0","359,9375"
"782","-2","2","-29","0","1","0","359,9375"
"786","-2","2","-29","-2","1","0","359,9375"
"794","-1","1","-28","-2","1","0","359,9375"
"794","-1","1","-28","0","0","0","359,9375"
"802","0","2","-28","0","0","0","359,9375"
"803","0","2","-28","-1","0","0","359,9375"
"811","0","1","-31","-1","0","0","359,9375"
"815","0","1","-31","2","-2","0","359,9375"
"823","0","0","-28","2","-2","0","359,9375"
"823","0","0","-28","1","1","0","359,9375"
"831","-1","3","-30","1","1","0","359,9375"
"835","-1","3","-30","-1","-1","0","359,9375"
"844","-2","2","-27","-1","-1","0","359,9375"
"844","-2","2","-27","-1","0","0","359,9375"
"852","-2","2","-30","-1","0","0","359,9375"
"856","-2","2","-30","-2","1","0","359,9375"
"864","0","1","-31","-2","1","0","359,9375"
"864","0","1","-31","-3","3","0","359,9375"
"872","-2","1","-29","-3","3","0","359,9375"
"872","-2","1","-29","2","1","0","359,9375"
"884","0","0","-29","2","1","0","359,9375"
"885","0","0","-29","2","0","0","359,9375"
"893","-1","2","-28","2","0","0","359,9375"
"893","-1","2","-28","1","-2","0","359,9375"
"901","-2","1","-27","1","-2","0","359,9375"
"905","-2","1","-27","2","-2","0","359,9375"
"913","-2","1","-29","2","-2","0","359,9375"
"913","-2","1","-29","2","-1","0","359,9375"
"921","0","2","-27","2","-1","0","359,9375"
"925","0","2","-27","0","3","0","359,9375"
"934","-2","0","-25","0","3","0","359,9375"
"934","-2","0","-25","-1","-1","0","359,9375"
"942","-2","2","-29","-1","-1","0","359,9375"
"946","-2","2","-29","-1","-1","0","359,9375"
"954","1","1","-29","-1","-1","0","359,9375"
"954","1","1","-29","0","1","0","359,9375"
"962","0","1","-31","0","1","0","359,9375"
"962","0","1","-31","1","0","0","359,9375"
"975","-1","1","-31","1","0","0","359,9375"
"975","-1","1","-31","1","2","0","359,9375"
"983","-2","0","-29","1","2","0","359,9375"
"983","-2","0","-29","0","-1","0","359,9375"
"991","0","2","-27","0","-1","0","359,9375"
"995","0","2","-27","1","-1","0","359,9375"
"1003","0","1","-29","1","-1","0","359,9375"
"1003","0","1","-29","0","-1","0","359,9375"
"1011","-1","1","-30","0","-1","0","359,9375"
"1016","-1","1","-30","1","0","0","359,9375"
"1024","-1","2","-27","1","0","0","359,9375"
"1024","-1","2","-27","-1","3","0","359,9375"
"1032","0","0","-28","-1","3","0","359,9375"
"1036","0","0","-28","-1","2","0","359,9375"
"1044","0","0","-29","-1","2","0","359,9375"
"1045","0","0","-29","-1","1","0","359,9375"
"1052","0","2","-29","-1","1","0","359,9375"
"1056","0","2","-29","-1","0","0","359,9375"
"1065","0","2","-30","-1","0","0","359,9375"
"1065","0","2","-30","-2","-1","0","359,9375"
"1073","0","2","-29","-2","-1","0","359,9375"
"1073","0","2","-29","-2","1","0","359,9375"
"1085","-1","1","-27","-2","1","0","359,9375"
"1085","-1","1","-27","-3","3","0","359,9375"
"1093","-4","2","-26","-3","3","0","359,9375"
"1094","-4","2","-26","1","-2","0","359,9375"
"1102","-2","1","-27","1","-2","0","359,9375"
"1106","-2","1","-27","0","0","0","359,9375"
"1114","-1","3","-30","0","0","0","359,9375"
"1114","-1","3","-30","0","2","0","359,9375"
"1122","-3","2","-32","0","2","0","359,9375"
"1126","-3","2","-32","0","2","0","359,9375"
"1134","-1","2","-27","0","2","0","359,9375"
"1134","-1","2","-27","1","1","0","359,9375"
"1142","-1","0","-27","1","1","0","359,9375"
"1146","-1","0","-27","-2","0","0","359,9375"
"1155","-2","1","-27","-2","0","0","359,9375"
"1155","-2","1","-27","0","0","0","359,9375"
"1163","-2","2","-32","0","0","0","359,9375"
"1163","-2","2","-32","2","0","0","359,9375"
"1175","-3","3","-29","2","0","0","359,9375"
"1175","-3","3","-29","3","0","0","359,9375"
"1183","0","2","-26","3","0","0","359,9375"
"1184","0","2","-26","-1","0","0","359,9375"
"1192","-1","1","-28","-1","0","0","359,9375"
"1196","-1","1","-28","-1","0","0","359,9375"
"1204","-1","2","-28","-1","0","0","359,9375"
"1204","-1","2","-28","0","1","0","359,9375"
"1212","-2","1","-32","0","1","0","359,9375"
"1216","-2","1","-32","2","1","0","359,9375"
"1225","-2","2","-30","2","1","0","359,9375"
"1225","-2","2","-30","-1","1","0","359,9375"
"1233","-3","3","-29","-1","1","0","359,9375"
"1237","-3","3","-29","0","1","0","359,9375"
"1245","0","3","-29","0","1","0","359,9375"
"1245","0","3","-29","-2","0","0","359,9375"
"1253","-1","0","-27","-2","0","0","359,9375"
"1253","-1","0","-27","-1","2","0","359,9375"
"1265","-1","2","-31","-1","2","0","359,9375"
"1266","-1","2","-31","0","-1","0","359,9375"
"1274","0","3","-26","0","-1","0","359,9375"
"1274","0","3","-26","1","-2","0","359,9375"
"1282","-3","3","-28","1","-2","0","359,9375"
"1286","-3","3","-28","1","-2","0","359,9375"
"1294","-3","3","-28","1","-2","0","359,9375"
"1294","-3","3","-28","1","-2","0","359,9375"
"1302","0","2","-30","1","-2","0","359,9375"
"1306","0","2","-30","-2","1","0","359,9375"
"1315","-1","2","-31","-2","1","0","359,9375"
"1315","-1","2","-31","-1","1","0","359,9375"
"1323","-1","1","-30","-1","1","0","359,9375"
"1327","-1","1","-30","1","-1","0","359,9375"
"1335","-2","1","-28","1","-1","0","359,9375"
"1335","-2","1","-28","0","1","0","359,9375"
"1343","-1","1","-31","0","1","0","359,9375"
"1347","-1","1","-31","-1","-1","0","359,9375"
"1355","0","1","-27","-1","-1","0","359,9375"
"1356","0","1","-27","-1","0","0","359,9375"
"1364","0","1","-28","-1","0","0","359,9375"
"1364","0","1","-28","-3","2","0","359,9375"
"1372","0","3","-31","-3","2","0","359,9375"
"1376","0","3","-31","1","-1","0","359,9375"
"1384","-3","2","-31","1","-1","0","359,9375"
"1385","-3","2","-31","1","-1","0","359,9375"
"1392","-3","2","-31","1","-1","0","359,9375"
"1396","-3","2","-31","1","-1","0","359,9375"
"1405","-2","1","-29","1","-1","0","359,9375"
"1405","-2","1","-29","0","0","0","359,9375"
"1413","0","1","-30","0","0","0","359,9375"
"1417","0","1","-30","-2","1","0","359,9375"
"1425","-3","3","-30","-2","1","0","359,9375"
"1425","-3","3","-30","1","1","0","359,9375"
"1433","-1","0","-26","1","1","0","359,9375"
"1437","-1","0","-26","1","-2","0","359,9375"
"1446","-2","2","-28","1","-2","0","359,9375"
"1446","-2","2","-28","1","-2","0","359,9375"
"1454","-3","3","-29","1","-2","0","359,9375"
"1454","-3","3","-29","1","-2","0","359,9375"
"1462","-2","1","-31","1","-2","0","359,9375"
"1466","-2","1","-31","-2","0","0","359,9375"
"1474","0","1","-28","-2","0","0","359,9375"
"1475","0","1","-28","-1","2","0","359,9375"
"1482","0","0","-28","-1","2","0","359,9375"
"1487","0","0","-28","-1","0","0","359,9375"
"1491","0","0","-28","-1","0","0","359,9375"
"1495","0","0","-28","-1","0","0","359,9375"
"1503","0","0","-29","-1","0","0","359,9375"
"1507","0","0","-29","2","1","0","359,9375"
"1515","0","1","-31","2","1","0","359,9375"
"1516","0","1","-31","-1","2","0","359,9375"
"1523","-1","1","-27","-1","2","0","359,9375"
"1527","-1","1","-27","-2","2","0","359,9375"
"1536","-3","1","-28","-2","2","0","359,9375"
"1536","-3","1","-28","0","0","0","359,9375"
"1544","0","1","-27","0","0","0","359,9375"
"1544","0","1","-27","0","0","0","359,9375"
"1556","-1","0","-26","0","0","0","359,9375"
"1556","-1","0","-26","-2","1","0","359,9375"
"1564","-2","3","-28","-2","1","0","359,9375"
"1565","-2","3","-28","-1","3","0","359,9375"
"1573","0","3","-30","-1","3","0","359,9375"
"1577","0","3","-30","3","-1","0","359,9375"
"1585","-3","0","-26","3","-1","0","359,9375"
"1585","-3","0","-26","-3","-1","0","359,9375"
"1593","-3","0","-26","-3","-1","0","359,9375"
"1593","-3","0","-26","-3","-1","0","359,9375"
"1605","-1","3","-29","-3","-1","0","359,9375"
"1606","-1","3","-29","3","1","0","359,9375"
"1614","-1","1","-32","3","1","0","359,9375"
"1617","-1","1","-32","3","1","0","359,9375"
"1626","-2","1","-27","3","1","0","359,9375"
"1626","-2","1","-27","1","1","0","359,9375"
"1634","0","2","-28","1","1","0","359,9375"
"1634","0","2","-28","1","1","0","359,9375"
"1642","0","2","-28","1","1","0","359,9375"
"1646","0","2","-28","1","1","0","359,9375"
"1654","0","3","-27","1","1","0","359,9375"
"1655","0","3","-27","0","-1","0","359,9375"
"1663","-3","0","-29","0","-1","0","359,9375"
"1667","-3","0","-29","-3","-1","0","359,9375"
"1675","-1","3","-28","-3","-1","0","359,9375"
"1675","-1","3","-28","-2","-1","0","359,9375"
"1683","-1","2","-29","-2","-1","0","359,9375"
"1687","-1","2","-29","-2","2","0","359,9375"
"1691","-1","2","-29","-2","2","0","359,9375"
"1695","-1","2","-29","-3","1","0","359,9375"
"1704","-1","2","-30","-3","1","0","359,9375"
"1708","-1","2","-30","1","-3","0","359,9375"
"1716","-2","2","-30","1","-3","0","359,9375"
"1716","-2","2","-30","1","-3","0","359,9375"
"1724","-2","2","-31","1","-3","0","359,9375"
"1728","-2","2","-31","-3","0","0","359,9375"
"1736","-1","1","-31","-3","0","0","359,9375"
"1737","-1","1","-31","0","3","0","359,9375"
"1745","-1","1","-31","0","3","0","359,9375"
"1745","-1","1","-31","-3","0","0","359,9375"
"1753","-1","1","-28","-3","0","0","359,9375"
"1757","-1","1","-28","-1","-3","0","359,9375"
"1765","-3","2","-29","-1","-3","0","359,9375"
"1765","-3","2","-29","-2","1","0","359,9375"
"1773","-1","0","-31","-2","1","0","359,9375"
"1777","-1","0","-31","-1","0","0","359,9375"
"1786","-2","3","-28","-1","0","0","359,9375"
"1786","-2","3","-28","2","-2","0","359,9375"
"1794","-2","3","-28","2","-2","0","359,9375"
"1794","-2","3","-28","-1","0","0","359,9375"
"1806","-2","2","-30","-1","0","0","359,9375"
"1806","-2","2","-30","-1","0","0","359,9375"
"1814","-1","1","-29","-1","0","0","359,9375"
"1818","-1","1","-29","-2","2","0","359,9375"
"1827","-4","3","-29","-2","2","0","359,9375"
"1827","-4","3","-29","2","3","0","359,9375"
"1835","-2","2","-28","2","3","0","359,9375"
"1835","-2","2","-28","3","-5","0","359,9375"
"1843","-2","2","-28","3","-5","0","359,9375"
"1843","-2","2","-28","2","-1","0","359,9375"
"1855","-4","2","-29","2","-1","0","359,9375"
"1855","-4","2","-29","2","0","0","359,9375"
"1863","0","3","-29","2","0","0","359,9375"
"1868","0","3","-29","3","2","0","359,9375"
"1876","-1","1","-29","3","2","0","359,9375"
"1876","-1","1","-29","-1","2","0","359,9375"
"1884","-1","2","-29","-1","2","0","359,9375"
"1888","-1","2","-29","4","3","0","359,9375"
"1892","-1","2","-29","4","3","0","359,9375"
"1896","-1","2","-29","-1","0","0","359,9375"
"1904","0","3","-28","-1","0","0","359,9375"
"1908","0","3","-28","1","-2","0","359,9375"
"1917","0","0","-31","1","-2","0","359,9375"
"1917","0","0","-31","0","1","0","359,9375"
"1925","-2","2","-29","0","1","0","359,9375"
"1925","-2","2","-29","-2","-3","0","359,9375"
"1937","-1","0","-29","-2","-3","0","359,9375"
"1937","-1","0","-29","3","-2","0","359,9375"
"1941","-1","0","-29","3","-2","0","359,9375"
"1945","-1","0","-29","3","-2","0","359,9375"
"1953","0","1","-28","3","-2","0","359,9375"
"1958","0","1","-28","3","-1","0","359,9375"
"1966","-2","2","-30","3","-1","0","359,9375"
"1966","-2","2","-30","1","0","0","359,9375"
"1974","0","2","-29","1","0","0","359,9375"
"1978","0","2","-29","0","2","0","359,9375"
"1986","-1","3","-28","0","2","0","359,9375"
"1987","-1","3","-28","2","1","0","359,9375"
"1994","-1","3","-28","2","1","0","359,9375"
"1995","-1","3","-28","0","-1","0","359,9375"
"2007","-1","1","-28","0","-1","0","359,9375"
"2007","-1","1","-28","2","-1","0","359,9375"
"2015","-2","3","-33","2","-1","0","359,9375"
"2015","-2","3","-33","1","0","0","359,9375"
"2027","-1","2","-30","1","0","0","359,9375"
"2027","-1","2","-30","0","-1","0","359,9375"
"2036","0","1","-28","0","-1","0","359,9375"
"2036","0","1","-28","2","3","0","359,9375"
"2044","0","1","-28","2","3","0","359,9375"
"2044","0","1","-28","5","-1","0","359,9375"
"2056","0","1","-28","5","-1","0","359,9375"
"2056","0","1","-28","0","2","0","359,9375"
"2064","-2","0","-31","0","2","0","359,9375"
"2068","-2","0","-31","4","0","0","359,9375"
"2077","-3","1","-29","4","0","0","359,9375"
"2077","-3","1","-29","1","-2","0","359,9375"
"2085","-3","1","-28","1","-2","0","359,9375"
"2089","-3","1","-28","1","0","0","359,9375"
"2093","-3","1","-28","1","0","0","359,9375"
"2093","-3","1","-28","0","0","0","359,9375"
"2105","0","0","-29","0","0","0","359,9375"
"2105","0","0","-29","1","1","0","359,9375"
"2117","-1","0","-29","1","1","0","359,9375"
"2118","-1","0","-29","0","-1","0","359,9375"
"2126","0","0","-27","0","-1","0","359,9375"
"2126","0","0","-27","0","2","0","359,9375"
"2138","-2","2","-29","0","2","0","359,9375"
"2138","-2","2","-29","3","3","0","359,9375"
"2142","-2","2","-29","3","3","0","359,9375"
"2146","-2","2","-29","1","0","0","359,9375"
"2154","-2","4","-29","1","0","0","359,9375"
"2158","-2","4","-29","0","-2","0","359,9375"
"2167","0","0","-31","0","-2","0","359,9375"
"2167","0","0","-31","1","3","0","359,9375"
"2175","-2","0","-28","1","3","0","359,9375"
"2179","-2","0","-28","-1","1","0","359,9375"
"2187","-2","3","-30","-1","1","0","359,9375"
"2187","-2","3","-30","1","-1","0","359,9375"
"2195","-2","3","-30","1","-1","0","359,9375"
"2195","-2","3","-30","1","0","0","359,9375"
"2208","0","2","-28","1","0","0","359,9375"
"2208","0","2","-28","-4","-1","0","359,9375"
"2216","-1","3","-30","-4","-1","0","359,9375"
"2216","-1","3","-30","-1","0","0","359,9375"
"2224","0","4","-28","-1","0","0","359,9375"
"2228","0","4","-28","2","0","0","359,9375"
"2236","0","2","-28","2","0","0","359,9375"
"2237","0","2","-28","2","3","0","359,9375"
"2244","0","2","-28","2","3","0","359,9375"
"2245","0","2","-28","-3","0","0","359,9375"
"2257","-1","0","-27","-3","0","0","359,9375"
"2257","-1","0","-27","-2","3","0","359,9375"
"2265","-1","2","-28","-2","3","0","359,9375"
"2269","-1","2","-28","4","1","0","359,9375"
"2277","-2","3","-29","4","1","0","359,9375"
"2277","-2","3","-29","3","2","0","359,9375"
"2285","0","1","-27","3","2","0","359,9375"
"2289","0","1","-27","0","2","0","359,9375"
"2294","0","1","-27","0","2","0","359,9375"
"2294","0","1","-27","0","3","0","359,9375"
"2306","-1","2","-28","0","3","0","359,9375"
"2306","-1","2","-28","1","2","0","359,9375"
"2318","-1","0","-27","1","2","0","359,9375"
"2318","-1","0","-27","-2","0","0","359,9375"
"2326","-1","0","-31","-2","0","0","359,9375"
"2327","-1","0","-31","-1","-2","0","359,9375"
"2334","-2","2","-29","-1","-2","0","359,9375"
"2339","-2","2","-29","-3","-1","0","359,9375"
"2343","-2","2","-29","-3","-1","0","359,9375"
"2347","-2","2","-29","0","-2","0","359,9375"
"2355","-2","2","-29","0","-2","0","359,9375"
"2359","-2","2","-29","0","0","0","359,9375"
"2367","-2","3","-28","0","0","0","359,9375"
"2368","-2","3","-28","-1","0","0","359,9375"
"2376","-1","2","-27","-1","0","0","359,9375"
"2379","-1","2","-27","1","0","0","359,9375"
"2388","-1","3","-30","1","0","0","359,9375"
"2388","-1","3","-30","3","-1","0","359,9375"
"2396","-1","3","-30","3","-1","0","359,9375"
"2396","-1","3","-30","3","-2","0","359,9375"
"2408","-1","2","-28","3","-2","0","359,9375"
"2408","-1","2","-28","1","1","0","359,9375"
"2416","-3","2","-30","1","1","0","359,9375"
"2417","-3","2","-30","1","-1","0","359,9375"
"2424","-1","0","-29","1","-1","0","359,9375"
"2429","-1","0","-29","-1","-2","0","359,9375"
"2437","-1","0","-30","-1","-2","0","359,9375"
"2437","-1","0","-30","3","-4","0","359,9375"
"2445","-1","0","-30","3","-4","0","359,9375"
"2445","-1","0","-30","1","-3","0","359,9375"
"2457","-3","1","-30","1","-3","0","359,9375"
"2458","-3","1","-30","0","-3","0","359,9375"
"2466","0","2","-31","0","-3","0","359,9375"
"2470","0","2","-31","0","-1","0","359,9375"
"2478","0","2","-31","0","-1","0","359,9375"
"2478","0","2","-31","-3","1","0","359,9375"
"2486","-2","0","-28","-3","1","0","359,9375"
"2490","-2","0","-28","2","-1","0","359,9375"
"2494","-2","0","-28","2","-1","0","359,9375"
"2495","-2","0","-28","1","-1","0","359,9375"
"2507","-2","0","-29","1","-1","0","359,9375"
"2507","-2","0","-29","0","-1","0","359,9375"
"2515","0","1","-29","0","-1","0","359,9375"
"2519","0","1","-29","1","1","0","359,9375"
"2527","-2","1","-31","1","1","0","359,9375"
"2527","-2","1","-31","1","0","0","359,9375"
"2535","-1","3","-27","1","0","0","359,9375"
"2539","-1","3","-27","0","1","0","359,9375"
"2543","-1","3","-27","0","1","0","359,9375"
"2547","-1","3","-27","0","1","0","359,9375"
"2556","-3","1","-30","0","1","0","359,9375"
"2560","-3","1","-30","-2","-4","0","359,9375"
"2568","-4","0","-31","-2","-4","0","359,9375"
"2568","-4","0","-31","2","1","0","359,9375"
"2576","-3","1","-30","2","1","0","359,9375"
"2580","-3","1","-30","2","-1","0","359,9375"
"2588","-1","2","-27","2","-1","0","359,9375"
"2589","-1","2","-27","-1","0","0","359,9375"
"2593","-1","2","-27","-1","0","0","359,9375"
"2597","-1","2","-27","-1","-2","0","359,9375"
"2605","-2","1","-27","-1","-2","0","359,9375"
"2609","-2","1","-27","1","-1","0","359,9375"
"2617","-2","1","-31","1","-1","0","359,9375"
"2617","-2","1","-31","-1","-2","0","359,9375"
"2625","-1","2","-30","-1","-2","0","359,9375"
"2629","-1","2","-30","-1","-1","0","359,9375"
"2638","-2","2","-27","-1","-1","0","359,9375"
"2638","-2","2","-27","0","-2","0","359,9375"
"2646","-2","2","-27","0","-2","0","359,9375"
"2646","-2","2","-27","1","-2","0","359,9375"
"2658","-2","1","-28","1","-2","0","359,9375"
"2658","-2","1","-28","1","-3","0","359,9375"
"2666","-2","1","-28","1","-3","0","359,9375"
"2667","-2","1","-28","-1","2","0","359,9375"
"2678","-3","0","-27","-1","2","0","359,9375"
"2679","-3","0","-27","-1","-1","0","359,9375"
"2687","0","0","-25","-1","-1","0","359,9375"
"2687","0","0","-25","2","-1","0","359,9375"
"2695","0","0","-25","2","-1","0","359,9375"
"2695","0","0","-25","-1","-2","0","359,9375"
"2707","-1","1","-29","-1","-2","0","359,9375"
"2707","-1","1","-29","-2","-1","0","359,9375"
"2715","-1","1","-29","-2","-1","0","359,9375"
"2719","-1","1","-29","0","-4","0","359,9375"
"2728","0","1","-30","0","-4","0","359,9375"
"2728","0","1","-30","-1","-4","0","359,9375"
"2736","-1","1","-32","-1","-4","0","359,9375"
"2740","-1","1","-32","0","0","0","359,9375"
"2744","-1","1","-32","0","0","0","359,9375"
"2744","-1","1","-32","1","-2","0","359,9375"
"2756","-3","0","-28","1","-2","0","359,9375"
"2760","-3","0","-28","1","1","0","359,9375"
"2768","0","2","-27","1","1","0","359,9375"
"2769","0","2","-27","0","-1","0","359,9375"
"2777","-3","2","-31","0","-1","0","359,9375"
"2777","-3","2","-31","-1","0","0","359,9375"
"2785","-4","2","-27","-1","0","0","359,9375"
"2789","-4","2","-27","1","-1","0","359,9375"
"2793","-4","2","-27","1","-1","0","359,9375"
"2797","-4","2","-27","-1","-2","0","359,9375"
"2806","-2","0","-27","-1","-2","0","359,9375"
"2809","-2","0","-27","1","-2","0","359,9375"
"2818","-2","3","-28","1","-2","0","359,9375"
"2818","-2","3","-28","3","1","0","359,9375"
"2826","-1","3","-29","3","1","0","359,9375"
"2830","-1","3","-29","2","0","0","359,9375"
"2838","-1","3","-29","2","0","0","359,9375"
"2838","-1","3","-29","0","0","0","359,9375"
"2842","-2","2","-29","0","0","0","359,9375"
"2846","-2","2","-29","1","-1","0","359,9375"
"2855","0","2","-28","1","-1","0","359,9375"
"2859","0","2","-28","-3","-2","0","359,9375"
"2867","-1","1","-27","-3","-2","0","359,9375"
"2867","-1","1","-27","0","-1","0","359,9375"
"2875","-1","1","-29","0","-1","0","359,9375"
"2875","-1","1","-29","-1","-1","0","359,9375"
"2883","-1","3","-30","-1","-1","0","359,9375"
"2887","-1","3","-30","1","-2","0","359,9375"
"2892","-1","1","-26","1","-2","0","359,9375"
"2895","-1","1","-26","2","0","0","359,9375"
"2904","-4","2","-28","2","0","0","359,9375"
"2908","-4","2","-28","1","0","0","359,9375"
"2916","0","2","-29","1","0","0","359,9375"
"2916","0","2","-29","-2","4","0","359,9375"
"2924","0","3","-32","-2","4","0","359,9375"
"2925","0","3","-32","-1","3","0","359,9375"
"2932","0","1","-30","-1","3","0","359,9375"
"2936","0","1","-30","0","1","0","359,9375"
"2941","-3","1","-28","0","1","0","359,9375"
"2945","-3","1","-28","-1","0","0","359,9375"
"2953","-1","3","-25","-1","0","0","359,9375"
"2957","-1","3","-25","1","2","0","359,9375"
"2965","-1","2","-26","1","2","0","359,9375"
"2966","-1","2","-26","0","0","0","359,9375"
"2974","0","1","-32","0","0","0","359,9375"
"2974","0","1","-32","-1","-2","0","359,9375"
"2982","-4","1","-30","-1","-2","0","359,9375"
"2986","-4","1","-30","4","-3","0","359,9375"
"2990","0","1","-29","4","-3","0","359,9375"
"2994","0","1","-29","4","-3","0","359,9375"
"3002","-1","1","-28","4","-3","0","359,9375"
"3006","-1","1","-28","-1","1","0","359,9375"
"3014","-1","0","-29","-1","1","0","359,9375"
"3015","-1","0","-29","-1","2","0","359,9375"
"3023","-2","1","-29","-1","2","0","359,9375"
"3023","-2","1","-29","0","0","0","359,9375"
"3031","-1","3","-29","0","0","0","359,9375"
"3035","-1","3","-29","5","0","0","359,9375"
"3043","-1","0","-27","5","0","0","359,9375"
"3043","-1","0","-27","1","0","0","359,9375"
"3051","-2","3","-28","1","0","0","359,9375"
"3052","-2","3","-28","-3","3","0","359,9375"
"3064","-1","1","-26","-3","3","0","359,9375"
"3064","-1","1","-26","3","1","0","359,9375"
"3072","-1","1","-30","3","1","0","359,9375"
"3072","-1","1","-30","4","1","0","359,9375"
"3080","1","1","-30","4","1","0","359,9375"
"3084","1","1","-30","2","0","0","359,9375"
"3092","-2","1","-29","2","0","0","359,9375"
"3093","-2","1","-29","0","1","0","359,9375"
"3100","-2","2","-30","0","1","0","359,9375"
"3105","-2","2","-30","-1","-4","0","359,9375"
"3113","-1","0","-28","-1","-4","0","359,9375"
"3113","-1","0","-28","0","-1","0","359,9375"
"3121","0","0","-32","0","-1","0","359,9375"
"3125","0","0","-32","-4","-1","0","359,9375"
"3133","-1","1","-29","-4","-1","0","359,9375"
"3133","-1","1","-29","-1","1","0","359,9375"
"3141","-1","0","-25","-1","1","0","359,9375"
"3142","-1","0","-25","0","-2","0","359,9375"
"3154","-1","0","-28","0","-2","0","359,9375"
"3154","-1","0","-28","0","-1","0","359,9375"
"3162","-2","2","-28","0","-1","0","359,9375"
"3162","-2","2","-28","1","2","0","359,9375"
"3170","0","2","-28","1","2","0","359,9375"
"3174","0","2","-28","0","-4","0","359,9375"
"3182","-1","3","-29","0","-4","0","359,9375"
"3183","-1","3","-29","1","1","0","359,9375"
"3191","-1","0","-27","1","1","0","359,9375"
"3195","-1","0","-27","0","2","0","359,9375"
"3203","-2","1","-27","0","2","0","359,9375"
"3203","-2","1","-27","-2","0","0","359,9375"
"3211","0","1","-29","-2","0","0","359,9375"
"3215","0","1","-29","1","1","0","359,9375"
"3223","0","1","-28","1","1","0","359,9375"
"3224","0","1","-28","0","1","0","359,9375"
"3232","0","1","-32","0","1","0","359,9375"
"3232","0","1","-32","0","0","0","359,9375"
"3244","-3","2","-27","0","0","0","359,9375"
"3244","-3","2","-27","-1","-2","0","359,9375"
"3252","0","1","-29","-1","-2","0","359,9375"
"3252","0","1","-29","1","-1","0","359,9375"
"3260","-2","3","-28","1","-1","0","359,9375"
"3264","-2","3","-28","1","-2","0","359,9375"
"3273","-2","2","-31","1","-2","0","359,9375"
"3273","-2","2","-31","2","2","0","359,9375"
"3281","-1","2","-29","2","2","0","359,9375"
"3285","-1","2","-29","-1","2","0","359,9375"
"3293","-1","2","-31","-1","2","0","359,9375"
"3293","-1","2","-31","-3","-1","0","359,9375"
"3301","-1","2","-27","-3","-1","0","359,9375"
"3305","-1","2","-27","0","0","0","359,9375"
"3313","-1","4","-29","0","0","0","359,9375"
"3314","-1","4","-29","0","1","0","359,9375"
"3322","-1","4","-30","0","1","0","359,9375"
"3322","-1","4","-30","0","1","0","359,9375"
"3330","-1","1","-30","0","1","0","359,9375"
"3334","-1","1","-30","1","-1","0","359,9375"
"3342","-2","0","-28","1","-1","0","359,9375"
"3343","-2","0","-28","-2","1","0","359,9375"
"3350","-1","0","-27","-2","1","0","359,9375"
"3354","-1","0","-27","1","0","0","359,9375"
"3363","-2","1","-27","1","0","0","359,9375"
"3363","-2","1","-27","0","-2","0","359,9375"
"3371","-1","1","-33","0","-2","0","359,9375"
"3375","-1","1","-33","-2","-2","0","359,9375"
"3383","-2","4","-30","-2","-2","0","359,9375"
"3383","-2","4","-30","1","1","0","359,9375"
"3391","0","1","-28","1","1","0","359,9375"
"3395","0","1","-28","-1","0","0","359,9375"
"3404","0","2","-27","-1","0","0","359,9375"
"3404","0","2","-27","2","1","0","359,9375"
"3412","-3","0","-30","2","1","0","359,9375"
"3412","-3","0","-30","1","1","0","359,9375"
"3420","0","2","-31","1","1","0","359,9375"
"3424","0","2","-31","0","1","0","359,9375"
"3432","-3","1","-29","0","1","0","359,9375"
"3433","-3","1","-29","2","0","0","359,9375"
"3440","-2","1","-28","2","0","0","359,9375"
"3445","-2","1","-28","0","-1","0","359,9375"
"3453","0","2","-29","0","-1","0","359,9375"
"3453","0","2","-29","1","-1","0","359,9375"
"3461","-4","2","-27","1","-1","0","359,9375"
"3465","-4","2","-27","1","-1","0","359,9375"
"3473","-1","3","-29","1","-1","0","359,9375"
"3473","-1","3","-29","2","1","0","359,9375"
"3481","-3","1","-30","2","1","0","359,9375"
"3485","-3","1","-30","2","-2","0","359,9375"
"3494","0","1","-29","2","-2","0","359,9375"
"3494","0","1","-29","1","-2","0","359,9375"
"3502","-2","1","-29","1","-2","0","359,9375"
"3502","-2","1","-29","-1","0","0","359,9375"
"3510","0","0","-28","-1","0","0","359,9375"
"3514","0","0","-28","1","1","0","359,9375"
"3522","-1","2","-29","1","1","0","359,9375"
"3522","-1","2","-29","2","0","0","359,9375"
"3530","-2","2","-31","2","0","0","359,9375"
"3534","-2","2","-31","0","1","0","359,9375"
"3543","-1","4","-27","0","1","0","359,9375"
"3543","-1","4","-27","3","-1","0","359,9375"
"3551","-3","0","-31","3","-1","0","359,9375"
"3555","-3","0","-31","1","1","0","359,9375"
"3563","-1","1","-26","1","1","0","359,9375"
"3564","-1","1","-26","-1","1","0","359,9375"
"3572","-2","2","-31","-1","1","0","359,9375"
"3572","-2","2","-31","3","-1","0","359,9375"
"3584","-1","1","-28","3","-1","0","359,9375"
"3584","-1","1","-28","4","-2","0","359,9375"
"3592","-2","0","-31","4","-2","0","359,9375"
"3592","-2","0","-31","-1","-1","0","359,9375"
"3604","-1","3","-28","-1","-1","0","359,9375"
"3604","-1","3","-28","1","2","0","359,9375"
"3612","-1","2","-29","1","2","0","359,9375"
"3613","-1","2","-29","3","-1","0","359,9375"
"3621","0","2","-31","3","-1","0","359,9375"
"3625","0","2","-31","0","-2","0","359,9375"
"3633","0","2","-31","0","-2","0","359,9375"
"3633","0","2","-31","2","-2","0","359,9375"
"3641","-2","3","-28","2","-2","0","359,9375"
"3645","-2","3","-28","1","0","0","359,9375"
"3653","-2","2","-27","1","0","0","359,9375"
"3654","-2","2","-27","-1","2","0","359,9375"
"3662","-1","1","-31","-1","2","0","359,9375"
"3662","-1","1","-31","-2","2","0","359,9375"
"3674","-3","0","-31","-2","2","0","359,9375"
"3674","-3","0","-31","0","0","0","359,9375"
"3682","0","0","-31","0","0","0","359,9375"
"3682","0","0","-31","1","0","0","359,9375"
"3690","-4","1","-31","1","0","0","359,9375"
"3694","-4","1","-31","0","-1","0","359,9375"
"3703","-1","2","-26","0","-1","0","359,9375"
"3703","-1","2","-26","2","1","0","359,9375"
"3711","-1","2","-27","2","1","0","359,9375"
"3715","-1","2","-27","0","1","0","359,9375"
"3723","0","1","-30","0","1","0","359,9375"
"3723","0","1","-30","1","5","0","359,9375"
"3731","-1","0","-28","1","5","0","359,9375"
"3735","-1","0","-28","2","-1","0","359,9375"
"3744","-4","2","-30","2","-1","0","359,9375"
"3744","-4","2","-30","3","-1","0","359,9375"
"3752","0","2","-27","3","-1","0","359,9375"
"3752","0","2","-27","2","-3","0","359,9375"
"3764","-3","3","-27","2","-3","0","359,9375"
"3764","-3","3","-27","0","-2","0","359,9375"
"3772","0","1","-30","0","-2","0","359,9375"
"3773","0","1","-30","2","-2","0","359,9375"
"3780","-3","1","-30","2","-2","0","359,9375"
"3784","-3","1","-30","-2","2","0","359,9375"
"3793","-1","0","-29","-2","2","0","359,9375"
"3793","-1","0","-29","-2","-1","0","359,9375"
"3801","-1","3","-29","-2","-1","0","359,9375"
"3805","-1","3","-29","2","0","0","359,9375"
"3813","-1","0","-27","2","0","0","359,9375"
"3813","-1","0","-27","-4","1","0","359,9375"
"3821","-1","3","-32","-4","1","0","359,9375"
"3825","-1","3","-32","1","-3","0","359,9375"
"3833","-2","1","-30","1","-3","0","359,9375"
"3834","-2","1","-30","0","-4","0","359,9375"
"3842","-1","2","-27","0","-4","0","359,9375"
"3842","-1","2","-27","-2","1","0","359,9375"
"3850","-1","0","-28","-2","1","0","359,9375"
"3854","-1","0","-28","-2","3","0","359,9375"
"3863","-2","1","-30","-2","3","0","359,9375"
"3863","-2","1","-30","0","0","0","359,9375"
"3870","-3","2","-31","0","0","0","359,9375"
"3875","-3","2","-31","-2","3","0","359,9375"
"3883","-3","1","-28","-2","3","0","359,9375"
"3883","-3","1","-28","-2","4","0","359,9375"
"3891","-2","1","-28","-2","4","0","359,9375"
"3895","-2","1","-28","-3","3","0","359,9375"
"3903","-2","2","-29","-3","3","0","359,9375"
"3904","-2","2","-29","-4","-1","0","359,9375"
"3912","-2","2","-29","-4","-1","0","359,9375"
"3915","-2","2","-29","-2","1","0","359,9375"
"3924","-3","2","-30","-2","1","0","359,9375"
"3924","-3","2","-30","-3","1","0","359,9375"
"3932","0","1","-30","-3","1","0","359,9375"
"3932","0","1","-30","-5","0","0","359,9375"
"3940","-2","2","-28","-5","0","0","359,9375"
"3944","-2","2","-28","-2","3","0","359,9375"
"3952","-2","2","-30","-2","3","0","359,9375"
"3953","-2","2","-30","0","1","0","359,9375"
"3961","-1","0","-29","0","1","0","359,9375"
"3965","-1","0","-29","-1","2","0","359,9375"
"3973","-2","2","-32","-1","2","0","359,9375"
"3973","-2","2","-32","-2","0","0","359,9375"
"3981","-2","1","-30","-2","0","0","359,9375"
"3985","-2","1","-30","0","-1","0","359,9375"
"3993","-1","0","-28","0","-1","0","359,9375"
"3994","-1","0","-28","-4","0","0","359,9375"
"4002","-1","2","-29","-4","0","0","359,9375"
"4005","-1","2","-29","-3","0","0","359,9375"
"4014","-1","1","-28","-3","0","0","359,9375"
"4014","-1","1","-28","-3","2","0","359,9375"
"4022","-1","1","-29","-3","2","0","359,9375"
"4022","-1","1","-29","-2","1","0","359,9375"
"4030","-1","2","-29","-2","1","0","359,9375"
"4034","-1","2","-29","-1","1","0","359,9375"
"4042","-3","2","-29","-1","1","0","359,9375"
"4043","-3","2","-29","-1","1","0","359,9375"
"4051","0","3","-26","-1","1","0","359,9375"
"4055","0","3","-26","-3","0","0","359,9375"
"4063","-2","1","-32","-3","0","0","359,9375"
"4063","-2","1","-32","2","1","0","359,9375"
"4071","0","1","-31","2","1","0","359,9375"
"4075","0","1","-31","-3","-1","0","359,9375"
"4083","0","3","-29","-3","-1","0","359,9375"
"4084","0","3","-29","-1","-1","0","359,9375"
"4092","0","1","-28","-1","-1","0","359,9375"
"4092","0","1","-28","-2","-2","0","359,9375"
"4104","0","2","-28","-2","-2","0","359,9375"
"4104","0","2","-28","-1","-1","0","359,9375"
"4112","-3","2","-28","-1","-1","0","359,9375"
"4112","-3","2","-28","-3","-2","0","359,9375"
"4120","-1","0","-31","-3","-2","0","359,9375"
"4124","-1","0","-31","1","-1","0","359,9375"
"4133","-1","2","-29","1","-1","0","359,9375"
"4133","-1","2","-29","0","-1","0","359,9375"
"4141","-1","2","-28","0","-1","0","359,9375"
"4145","-1","2","-28","0","0","0","359,9375"
"4153","-3","1","-26","0","0","0","359,9375"
"4153","-3","1","-26","-1","1","0","359,9375"
"4161","-2","1","-29","-1","1","0","359,9375"
"4165","-2","1","-29","2","-1","0","359,9375"
"4174","-2","1","-29","2","-1","0","359,9375"
"4174","-2","1","-29","-2","-1","0","359,9375"
"4182","-1","1","-29","-2","-1","0","359,9375"
"4182","-1","1","-29","-1","2","0","359,9375"
"4194","-1","0","-28","-1","2","0","359,9375"
"4194","-1","0","-28","-1","0","0","359,9375"
"4202","-2","1","-29","-1","0","0","359,9375"
"4203","-2","1","-29","-1","0","0","359,9375"
"4210","-2","0","-28","-1","0","0","359,9375"
"4215","-2","0","-28","-2","-2","0","359,9375"
"4223","-2","2","-30","-2","-2","0","359,9375"
"4223","-2","2","-30","-2","-1","0","359,9375"
"4231","-2","0","-29","-2","-1","0","359,9375"
"4235","-2","0","-29","-1","2","0","359,9375"
"4243","0","2","-28","-1","2","0","359,9375"
"4244","0","2","-28","-1","1","0","359,9375"
"4251","-3","0","-27","-1","1","0","359,9375"
"4255","-3","0","-27","-2","0","0","359,9375"
"4264","0","2","-29","-2","0","0","359,9375"
"4264","0","2","-29","-2","1","0","359,9375"
"4272","-1","3","-31","-2","1","0","359,9375"
"4272","-1","3","-31","3","-3","0","359,9375"
"4280","0","1","-29","3","-3","0","359,9375"
"4284","0","1","-29","-2","1","0","359,9375"
"4292","0","2","-29","-2","1","0","359,9375"
"4293","0","2","-29","-3","2","0","359,9375"
"4300","-2","2","-27","-3","2","0","359,9375"
"4304","-2","2","-27","-3","0","0","359,9375"
"4313","0","1","-29","-3","0","0","359,9375"
"4313","0","1","-29","2","3","0","359,9375"
"4321","0","2","-31","2","3","0","359,9375"
"4325","0","2","-31","2","1","0","359,9375"
"4333","-1","2","-28","2","1","0","359,9375"
"4333","-1","2","-28","-2","0","0","359,9375"
"4341","-1","2","-30","-2","0","0","359,9375"
"4345","-1","2","-30","0","1","0","359,9375"
"4354","-1","3","-29","0","1","0","359,9375"
"4354","-1","3","-29","2","2","0","359,9375"
"4362","0","1","-28","2","2","0","359,9375"
"4366","0","1","-28","1","-1","0","359,9375"
"4374","-3","2","-30","1","-1","0","359,9375"
"4374","-3","2","-30","-1","1","0","359,9375"
"4382","-1","1","-29","-1","1","0","359,9375"
"4383","-1","1","-29","1","2","0","359,9375"
"4391","-1","1","-28","1","2","0","359,9375"
"4395","-1","1","-28","0","-1","0","359,9375"
"4403","0","1","-29","0","-1","0","359,9375"
"4403","0","1","-29","0","2","0","359,9375"
"4411","-2","1","-29","0","2","0","359,9375"
"4415","-2","1","-29","0","1","0","359,9375"
"4423","-2","3","-29","0","1","0","359,9375"
"4423","-2","3","-29","3","0","0","359,9375"
"4432","-2","0","-28","3","0","0","359,9375"
"4435","-2","0","-28","1","-1","0","359,9375"
"4444","-3","3","-28","1","-1","0","359,9375"
"4444","-3","3","-28","1","0","0","359,9375"
"4452","-1","2","-30","1","0","0","359,9375"
"4452","-1","2","-30","-1","-1","0","359,9375"
"4464","-3","1","-29","-1","-1","0","359,9375"
"4465","-3","1","-29","1","-1","0","359,9375"
"4473","0","1","-32","1","-1","0","359,9375"
"4473","0","1","-32","0","-1","0","359,9375"
"4481","-2","3","-28","0","-1","0","359,9375"
"4485","-2","3","-28","0","-2","0","359,9375"
"4493","-1","1","-28","0","-2","0","359,9375"
"4493","-1","1","-28","1","2","0","359,9375"
"4501","-2","1","-26","1","2","0","359,9375"
"4505","-2","1","-26","0","0","0","359,9375"
"4514","0","1","-29","0","0","0","359,9375"
"4514","0","1","-29","3","0","0","359,9375"
"4522","0","2","-28","3","0","0","359,9375"
"4526","0","2","-28","0","1","0","359,9375"
"4534","0","1","-30","0","1","0","359,9375"
"4534","0","1","-30","-1","2","0","359,9375"
"4542","0","2","-27","-1","2","0","359,9375"
"4546","0","2","-27","-3","0","0","359,9375"
"4554","-2","2","-28","-3","0","0","359,9375"
"4555","-2","2","-28","-1","-1","0","359,9375"
"4563","-2","2","-29","-1","-1","0","359,9375"
"4563","-2","2","-29","2","1","0","359,9375"
"4571","-4","2","-29","2","1","0","359,9375"
"4575","-4","2","-29","-1","-1","0","359,9375"
"4583","0","2","-31","-1","-1","0","359,9375"
"4583","0","2","-31","-2","1","0","359,9375"
"4591","0","2","-27","-2","1","0","359,9375"
"4595","0","2","-27","2","1","0","359,9375"
"4604","-1","0","-26","2","1","0","359,9375"
"4604","-1","0","-26","5","-1","0","359,9375"
"4612","-1","0","-27","5","-1","0","359,9375"
"4616","-1","0","-27","0","0","0","359,9375"
"4624","-1","2","-30","0","0","0","359,9375"
"4624","-1","2","-30","-1","0","0","359,9375"
"4632","0","1","-29","-1","0","0","359,9375"
"4636","0","1","-29","0","2","0","359,9375"
"4645","-2","1","-27","0","2","0","359,9375"
"4645","-2","1","-27","-2","1","0","359,9375"
"4653","-2","2","-29","-2","1","0","359,9375"
"4653","-2","2","-29","0","0","0","359,9375"
"4661","-1","0","-27","0","0","0","359,9375"
"4665","-1","0","-27","-2","2","0","359,9375"
"4673","1","0","-27","-2","2","0","359,9375"
"4674","1","0","-27","1","1","0","359,9375"
"4681","-1","2","-30","1","1","0","359,9375"
"4685","-1","2","-30","1","0","0","359,9375"
"4694","-2","0","-31","1","0","0","359,9375"
"4694","-2","0","-31","2","1","0","359,9375"
"4702","0","1","-29","2","1","0","359,9375"
"4706","0","1","-29","1","1","0","359,9375"
"4714","0","3","-28","1","1","0","359,9375"
"4714","0","3","-28","2","-1","0","359,9375"
"4722","-1","0","-31","2","-1","0","359,9375"
"4726","-1","0","-31","-2","2","0","359,9375"
"4735","-1","1","-31","-2","2","0","359,9375"
"4735","-1","1","-31","1","2","0","359,9375"
"4743","-2","2","-29","1","2","0","359,9375"
"4747","-2","2","-29","1","2","0","359,9375"
"4755","-1","2","-28","1","2","0","359,9375"
"4755","-1","2","-28","-3","3","0","359,9375"
"4763","-2","3","-28","-3","3","0","359,9375"
"4764","-2","3","-28","-2","2","0","359,9375"
"4772","-1","1","-29","-2","2","0","359,9375"
"4776","-1","1","-29","-2","0","0","359,9375"
"4784","-1","2","-31","-2","0","0","359,9375"
"4784","-1","2","-31","-1","0","0","359,9375"
"4792","1","0","-29","-1","0","0","359,9375"
"4796","1","0","-29","3","3","0","359,9375"
"4804","-3","2","-28","3","3","0","359,9375"
"4805","-3","2","-28","0","2","0","359,9375"
"4812","-2","1","-28","0","2","0","359,9375"
"4816","-2","1","-28","1","-1","0","359,9375"
"4825","-2","1","-31","1","-1","0","359,9375"
"4825","-2","1","-31","0","-2","0","359,9375"
"4833","-4","3","-29","0","-2","0","359,9375"
"4833","-4","3","-29","1","-1","0","359,9375"
"4845","-2","0","-27","1","-1","0","359,9375"
"4845","-2","0","-27","1","-1","0","359,9375"
"4854","-2","2","-29","1","-1","0","359,9375"
"4854","-2","2","-29","0","0","0","359,9375"
"4862","0","1","-26","0","0","0","359,9375"
"4866","0","1","-26","0","-4","0","359,9375"
"4874","-2","0","-31","0","-4","0","359,9375"
"4874","-2","0","-31","2","-3","0","359,9375"
"4882","0","0","-30","2","-3","0","359,9375"
"4886","0","0","-30","0","-3","0","359,9375"
"4895","-1","1","-29","0","-3","0","359,9375"
"4895","-1","1","-29","-1","-2","0","359,9375"
"4903","-3","0","-27","-1","-2","0","359,9375"
"4907","-3","0","-27","1","-2","0","359,9375"
"4915","-2","1","-30","1","-2","0","359,9375"
"4915","-2","1","-30","3","0","0","359,9375"
"4923","-1","1","-30","3","0","0","359,9375"
"4923","-1","1","-30","1","1","0","359,9375"
"4935","-1","0","-30","1","1","0","359,9375"
"4936","-1","0","-30","-4","2","0","359,9375"
"4944","-3","1","-27","-4","2","0","359,9375"
"4944","-3","1","-27","0","-1","0","359,9375"
"4952","0","3","-29","0","-1","0","359,9375"
"4956","0","3","-29","1","0","0","359,9375"
"4964","-2","1","-29","1","0","0","359,9375"
"4964","-2","1","-29","2","-3","0","359,9375"
"4972","-1","1","-30","2","-3","0","359,9375"
"4976","-1","1","-30","2","-3","0","359,9375"
"4985","-2","2","-26","2","-3","0","359,9375"
"4985","-2","2","-26","1","0","0","359,9375"
"4993","-1","0","-29","1","0","0","359,9375"
"4997","-1","0","-29","-1","1","0","359,9375"
"5003","-2","0","-27","-1","1","0","359,9375"
