Timer,AX,AY,AZ,GX,GY,GZ,A
"2","0","-3","0","0","-3","0","359.9375"
"9","-3","-1","0","-3","-1","0","359.9375"
"10","-3","-1","0","-3","-1","0","359.9375"
"22","-3","-1","0","-3","-1","0","359.9375"
"23","-3","-1","0","-3","-1","0","359.9375"
"29","1","1","0","1","1","0","359.9375"
"31","1","1","0","1","1","0","359.9375"
"38","2","1","0","2","1","0","359.9375"
"43","2","1","0","2","1","0","359.9375"
"50","1","1","0","1","1","0","359.9375"
"51","1","1","0","1","1","0","359.9375"
"61","-4","1","0","-4","1","0","359.9375"
"64","-4","1","0","-4","1","0","359.9375"
"71","3","1","0","3","1","0","359.9375"
"72","3","1","0","3","1","0","359.9375"
"82","1","-1","0","1","-1","0","359.9375"
"82","1","-1","0","1","-1","0","359.9375"
"88","0","1","0","0","1","0","359.9375"
"92","0","1","0","0","1","0","359.9375"
"99","-1","2","0","-1","2","0","359.9375"
"104","-1","2","0","-1","2","0","359.9375"
"111","-3","1","0","-3","1","0","359.9375"
"113","-3","1","0","-3","1","0","359.9375"
"119","-2","0","0","-2","0","0","359.9375"
"121","-2","0","0","-2","0","0","359.9375"
"131","1","0","0","1","0","0","359.9375"
"131","1","0","0","1","0","0","359.9375"
"139","0","-1","0","0","-1","0","359.9375"
"141","0","-1","0","0","-1","0","359.9375"
"151","0","-1","0","0","-1","0","359.9375"
"154","0","-1","0","0","-1","0","359.9375"
"160","0","-1","0","0","-1","0","359.9375"
"162","0","-1","0","0","-1","0","359.9375"
"168","-2","1","0","-2","1","0","359.9375"
"174","-2","1","0","-2","1","0","359.9375"
"180","0","1","0","0","1","0","359.9375"
"181","0","1","0","0","1","0","359.9375"
"188","0","-2","0","0","-2","0","359.9375"
"194","0","-2","0","0","-2","0","359.9375"
"201","0","0","0","0","0","0","359.9375"
"201","0","0","0","0","0","0","359.9375"
"209","0","-2","0","0","-2","0","359.9375"
"211","0","-2","0","0","-2","0","359.9375"
"222","0","0","0","0","0","0","359.9375"
"223","0","0","0","0","0","0","359.9375"
"229","1","1","0","1","1","0","359.9375"
"229","1","1","0","1","1","0","359.9375"
"239","-1","2","0","-1","2","0","359.9375"
"244","-1","2","0","-1","2","0","359.9375"
"252","-1","1","0","-1","1","0","359.9375"
"253","-1","1","0","-1","1","0","359.9375"
"261","-1","2","0","-1","2","0","359.9375"
"261","-1","2","0","-1","2","0","359.9375"
"271","0","1","0","0","1","0","359.9375"
"272","0","1","0","0","1","0","359.9375"
"278","0","-1","0","0","-1","0","359.9375"
"280","0","-1","0","0","-1","0","359.9375"
"286","0","-2","0","0","-2","0","359.9375"
"289","0","-2","0","0","-2","0","359.9375"
"298","1","0","0","1","0","0","359.9375"
"301","1","0","0","1","0","0","359.9375"
"307","1","2","0","1","2","0","359.9375"
"309","1","2","0","1","2","0","359.9375"
"319","0","1","0","0","1","0","359.9375"
"321","0","1","0","0","1","0","359.9375"
"327","1","3","0","1","3","0","359.9375"
"327","1","3","0","1","3","0","359.9375"
"335","-2","1","0","-2","1","0","359.9375"
"338","-2","1","0","-2","1","0","359.9375"
"348","0","0","0","0","0","0","359.9375"
"350","0","0","0","0","0","0","359.9375"
"356","3","1","0","3","1","0","359.9375"
"358","3","1","0","3","1","0","359.9375"
"368","1","-2","0","1","-2","0","359.9375"
"371","1","-2","0","1","-2","0","359.9375"
"377","1","0","0","1","0","0","359.9375"
"379","1","0","0","1","0","0","359.9375"
"386","2","0","0","2","0","0","359.9375"
"387","2","0","0","2","0","0","359.9375"
"397","0","2","0","0","2","0","359.9375"
"399","0","2","0","0","2","0","359.9375"
"406","1","1","0","1","1","0","359.9375"
"408","1","1","0","1","1","0","359.9375"
"414","0","0","0","0","0","0","359.9375"
"416","0","0","0","0","0","0","359.9375"
"426","0","-3","0","0","-3","0","359.9375"
"428","0","-3","0","0","-3","0","359.9375"
"436","0","-2","0","0","-2","0","359.9375"
"436","0","-2","0","0","-2","0","359.9375"
"448","2","0","0","2","0","0","359.9375"
"449","2","0","0","2","0","0","359.9375"
"456","0","-1","0","0","-1","0","359.9375"
"457","0","-1","0","0","-1","0","359.9375"
"468","-2","-1","0","-2","-1","0","359.9375"
"469","-2","-1","0","-2","-1","0","359.9375"
"474","-1","-1","0","-1","-1","0","359.9375"
"477","-1","-1","0","-1","-1","0","359.9375"
"483","1","2","0","1","2","0","359.9375"
"485","1","2","0","1","2","0","359.9375"
"495","2","1","0","2","1","0","359.9375"
"498","2","1","0","2","1","0","359.9375"
"504","1","-2","0","1","-2","0","359.9375"
"506","1","-2","0","1","-2","0","359.9375"
"515","1","-1","0","1","-1","0","359.9375"
"517","1","-1","0","1","-1","0","359.9375"
"523","0","0","0","0","0","0","359.9375"
"525","0","0","0","0","0","0","359.9375"
"535","-2","-1","0","-2","-1","0","359.9375"
"538","-2","-1","0","-2","-1","0","359.9375"
"544","1","0","0","1","0","0","359.9375"
"546","1","0","0","1","0","0","359.9375"
"553","3","-1","0","3","-1","0","359.9375"
"558","3","-1","0","3","-1","0","359.9375"
"564","0","-3","0","0","-3","0","359.9375"
"571","0","-3","0","0","-3","0","359.9375"
"577","-1","-1","0","-1","-1","0","359.9375"
"577","-1","-1","0","-1","-1","0","359.9375"
"585","-3","0","0","-3","0","0","359.9375"
"587","-3","0","0","-3","0","0","359.9375"
"593","0","0","0","0","0","0","359.9375"
"595","0","0","0","0","0","0","359.9375"
"605","1","-1","0","1","-1","0","359.9375"
"607","1","-1","0","1","-1","0","359.9375"
"614","-1","2","0","-1","2","0","359.9375"
"616","-1","2","0","-1","2","0","359.9375"
"626","-2","1","0","-2","1","0","359.9375"
"628","-2","1","0","-2","1","0","359.9375"
"635","-2","0","0","-2","0","0","359.9375"
"636","-2","0","0","-2","0","0","359.9375"
"643","-2","0","0","-2","0","0","359.9375"
"644","-2","0","0","-2","0","0","359.9375"
"655","-1","2","0","-1","2","0","359.9375"
"656","-1","2","0","-1","2","0","359.9375"
"663","0","1","0","0","1","0","359.9375"
"665","0","1","0","0","1","0","359.9375"
"675","1","0","0","1","0","0","359.9375"
"677","1","0","0","1","0","0","359.9375"
"683","1","0","0","1","0","0","359.9375"
"685","1","0","0","1","0","0","359.9375"
"695","1","-2","0","1","-2","0","359.9375"
"697","1","-2","0","1","-2","0","359.9375"
"704","-2","1","0","-2","1","0","359.9375"
"706","-2","1","0","-2","1","0","359.9375"
"716","2","0","0","2","0","0","359.9375"
"718","2","0","0","2","0","0","359.9375"
"724","1","0","0","1","0","0","359.9375"
"726","1","0","0","1","0","0","359.9375"
"732","0","3","0","0","3","0","359.9375"
"734","0","3","0","0","3","0","359.9375"
"744","0","-1","0","0","-1","0","359.9375"
"747","0","-1","0","0","-1","0","359.9375"
"754","0","2","0","0","2","0","359.9375"
"755","0","2","0","0","2","0","359.9375"
"765","-2","-2","0","-2","-2","0","359.9375"
"767","-2","-2","0","-2","-2","0","359.9375"
"773","-3","2","0","-3","2","0","359.9375"
"775","-3","2","0","-3","2","0","359.9375"
"786","0","1","0","0","1","0","359.9375"
"787","0","1","0","0","1","0","359.9375"
"794","-1","1","0","-1","1","0","359.9375"
"796","-1","1","0","-1","1","0","359.9375"
"806","-1","0","0","-1","0","0","359.9375"
"808","-1","0","0","-1","0","0","359.9375"
"814","-4","2","0","-4","2","0","359.9375"
"816","-4","2","0","-4","2","0","359.9375"
"823","0","1","0","0","1","0","359.9375"
"824","0","1","0","0","1","0","359.9375"
"835","0","-1","0","0","-1","0","359.9375"
"837","0","-1","0","0","-1","0","359.9375"
"843","1","1","0","1","1","0","359.9375"
"845","1","1","0","1","1","0","359.9375"
"855","1","0","0","1","0","0","359.9375"
"857","1","0","0","1","0","0","359.9375"
"864","-2","1","0","-2","1","0","359.9375"
"865","-2","1","0","-2","1","0","359.9375"
"875","-3","-1","0","-3","-1","0","359.9375"
"878","-3","-1","0","-3","-1","0","359.9375"
"885","0","-2","0","0","-2","0","359.9375"
"886","0","-2","0","0","-2","0","359.9375"
"897","-1","-1","0","-1","-1","0","359.9375"
"898","-1","-1","0","-1","-1","0","359.9375"
"905","0","2","0","0","2","0","359.9375"
"906","0","2","0","0","2","0","359.9375"
"913","0","0","0","0","0","0","359.9375"
"914","0","0","0","0","0","0","359.9375"
"925","2","0","0","2","0","0","359.9375"
"927","2","0","0","2","0","0","359.9375"
"934","-1","-3","0","-1","-3","0","359.9375"
"935","-1","-3","0","-1","-3","0","359.9375"
"945","2","-2","0","2","-2","0","359.9375"
"947","2","-2","0","2","-2","0","359.9375"
"954","0","0","0","0","0","0","359.9375"
"956","0","0","0","0","0","0","359.9375"
"966","-2","0","0","-2","0","0","359.9375"
"968","-2","0","0","-2","0","0","359.9375"
"974","-1","0","0","-1","0","0","359.9375"
"976","-1","0","0","-1","0","0","359.9375"
"982","1","-3","0","1","-3","0","359.9375"
"988","1","-3","0","1","-3","0","359.9375"
"994","0","-2","0","0","-2","0","359.9375"
"996","0","-2","0","0","-2","0","359.9375"
"1003","0","-2","0","0","-2","0","359.9375"
"1005","0","-2","0","0","-2","0","359.9375"
"1015","2","-2","0","2","-2","0","359.9375"
"1017","2","-2","0","2","-2","0","359.9375"
"1024","1","0","0","1","0","0","359.9375"
"1025","1","0","0","1","0","0","359.9375"
"1035","2","-1","0","2","-1","0","359.9375"
"1037","2","-1","0","2","-1","0","359.9375"
"1044","3","-3","0","3","-3","0","359.9375"
"1046","3","-3","0","3","-3","0","359.9375"
"1056","0","-3","0","0","-3","0","359.9375"
"1058","0","-3","0","0","-3","0","359.9375"
"1065","1","-5","0","1","-5","0","359.9375"
"1066","1","-5","0","1","-5","0","359.9375"
"1072","-1","-2","0","-1","-2","0","359.9375"
"1078","-1","-2","0","-1","-2","0","359.9375"
"1086","-1","-2","0","-1","-2","0","359.9375"
"1086","-1","-2","0","-1","-2","0","359.9375"
"1093","3","-1","0","3","-1","0","359.9375"
"1095","3","-1","0","3","-1","0","359.9375"
"1105","0","1","0","0","1","0","359.9375"
"1107","0","1","0","0","1","0","359.9375"
"1113","-1","-2","0","-1","-2","0","359.9375"
"1115","-1","-2","0","-1","-2","0","359.9375"
"1126","0","-2","0","0","-2","0","359.9375"
"1128","0","-2","0","0","-2","0","359.9375"
"1134","2","-1","0","2","-1","0","359.9375"
"1136","2","-1","0","2","-1","0","359.9375"
"1146","2","-2","0","2","-2","0","359.9375"
"1148","2","-2","0","2","-2","0","359.9375"
"1154","-1","-4","0","-1","-4","0","359.9375"
"1156","-1","-4","0","-1","-4","0","359.9375"
"1162","1","-2","0","1","-2","0","359.9375"
"1168","1","-2","0","1","-2","0","359.9375"
"1175","2","-1","0","2","-1","0","359.9375"
"1177","2","-1","0","2","-1","0","359.9375"
"1183","-1","-1","0","-1","-1","0","359.9375"
"1185","-1","-1","0","-1","-1","0","359.9375"
"1195","0","-2","0","0","-2","0","359.9375"
"1197","0","-2","0","0","-2","0","359.9375"
"1203","0","-2","0","0","-2","0","359.9375"
"1205","0","-2","0","0","-2","0","359.9375"
"1216","1","0","0","1","0","0","359.9375"
"1218","1","0","0","1","0","0","359.9375"
"1224","-1","2","0","-1","2","0","359.9375"
"1226","-1","2","0","-1","2","0","359.9375"
"1236","-1","-4","0","-1","-4","0","359.9375"
"1238","-1","-4","0","-1","-4","0","359.9375"
"1244","1","-1","0","1","-1","0","359.9375"
"1246","1","-1","0","1","-1","0","359.9375"
"1253","1","1","0","1","1","0","359.9375"
"1254","1","1","0","1","1","0","359.9375"
"1265","1","0","0","1","0","0","359.9375"
"1267","1","0","0","1","0","0","359.9375"
"1276","0","-1","0","0","-1","0","359.9375"
"1276","0","-1","0","0","-1","0","359.9375"
"1287","0","0","0","0","0","0","359.9375"
"1287","0","0","0","0","0","0","359.9375"
"1294","0","-1","0","0","-1","0","359.9375"
"1295","0","-1","0","0","-1","0","359.9375"
"1306","-1","2","0","-1","2","0","359.9375"
"1308","-1","2","0","-1","2","0","359.9375"
"1314","2","1","0","2","1","0","359.9375"
"1316","2","1","0","2","1","0","359.9375"
"1326","1","-1","0","1","-1","0","359.9375"
"1328","1","-1","0","1","-1","0","359.9375"
"1335","1","-2","0","1","-2","0","359.9375"
"1336","1","-2","0","1","-2","0","359.9375"
"1343","2","-3","0","2","-3","0","359.9375"
"1344","2","-3","0","2","-3","0","359.9375"
"1355","0","0","0","0","0","0","359.9375"
"1357","0","0","0","0","0","0","359.9375"
"1363","0","-1","0","0","-1","0","359.9375"
"1365","0","-1","0","0","-1","0","359.9375"
"1376","0","0","0","0","0","0","359.9375"
"1377","0","0","0","0","0","0","359.9375"
"1383","2","-1","0","2","-1","0","359.9375"
"1385","2","-1","0","2","-1","0","359.9375"
"1396","2","0","0","2","0","0","359.9375"
"1398","2","0","0","2","0","0","359.9375"
"1404","4","1","0","4","1","0","359.9375"
"1406","4","1","0","4","1","0","359.9375"
"1412","0","1","0","0","1","0","359.9375"
"1418","0","1","0","0","1","0","359.9375"
"1425","-2","1","0","-2","1","0","359.9375"
"1427","-2","1","0","-2","1","0","359.9375"
"1433","0","2","0","0","2","0","359.9375"
"1435","0","2","0","0","2","0","359.9375"
"1445","-2","-1","0","-2","-1","0","359.9375"
"1447","-2","-1","0","-2","-1","0","359.9375"
"1453","-2","-2","0","-2","-2","0","359.9375"
"1455","-2","-2","0","-2","-2","0","359.9375"
"1466","-1","1","0","-1","1","0","359.9375"
"1468","-1","1","0","-1","1","0","359.9375"
"1474","-2","0","0","-2","0","0","359.9375"
"1476","-2","0","0","-2","0","0","359.9375"
"1488","-1","0","0","-1","0","0","359.9375"
"1488","-1","0","0","-1","0","0","359.9375"
"1496","3","-2","0","3","-2","0","359.9375"
"1496","3","-2","0","3","-2","0","359.9375"
"1503","1","2","0","1","2","0","359.9375"
"1508","1","2","0","1","2","0","359.9375"
"1514","1","-4","0","1","-4","0","359.9375"
"1517","1","-4","0","1","-4","0","359.9375"
"1522","-4","0","0","-4","0","0","359.9375"
"1525","-4","0","0","-4","0","0","359.9375"
"1535","1","1","0","1","1","0","359.9375"
"1537","1","1","0","1","1","0","359.9375"
"1543","1","0","0","1","0","0","359.9375"
"1545","1","0","0","1","0","0","359.9375"
"1556","1","1","0","1","1","0","359.9375"
"1558","1","1","0","1","1","0","359.9375"
"1564","-1","-1","0","-1","-1","0","359.9375"
"1566","-1","-1","0","-1","-1","0","359.9375"
"1576","3","0","0","3","0","0","359.9375"
"1578","3","0","0","3","0","0","359.9375"
"1585","-3","-1","0","-3","-1","0","359.9375"
"1586","-3","-1","0","-3","-1","0","359.9375"
"1593","-1","-1","0","-1","-1","0","359.9375"
"1598","-1","-1","0","-1","-1","0","359.9375"
"1606","0","0","0","0","0","0","359.9375"
"1607","0","0","0","0","0","0","359.9375"
"1613","-2","0","0","-2","0","0","359.9375"
"1615","-2","0","0","-2","0","0","359.9375"
"1625","2","0","0","2","0","0","359.9375"
"1627","2","0","0","2","0","0","359.9375"
"1634","0","-1","0","0","-1","0","359.9375"
"1635","0","-1","0","0","-1","0","359.9375"
"1645","1","-2","0","1","-2","0","359.9375"
"1648","1","-2","0","1","-2","0","359.9375"
"1654","2","-2","0","2","-2","0","359.9375"
"1656","2","-2","0","2","-2","0","359.9375"
"1666","0","2","0","0","2","0","359.9375"
"1668","0","2","0","0","2","0","359.9375"
"1674","1","2","0","1","2","0","359.9375"
"1676","1","2","0","1","2","0","359.9375"
"1687","0","1","0","0","1","0","359.9375"
"1689","0","1","0","0","1","0","359.9375"
"1696","-1","-1","0","-1","-1","0","359.9375"
"1697","-1","-1","0","-1","-1","0","359.9375"
"1705","0","0","0","0","0","0","359.9375"
"1709","0","0","0","0","0","0","359.9375"
"1717","1","1","0","1","1","0","359.9375"
"1717","1","1","0","1","1","0","359.9375"
"1724","-3","0","0","-3","0","0","359.9375"
"1725","-3","0","0","-3","0","0","359.9375"
"1736","1","0","0","1","0","0","359.9375"
"1738","1","0","0","1","0","0","359.9375"
"1743","1","0","0","1","0","0","359.9375"
"1746","1","0","0","1","0","0","359.9375"
"1755","1","1","0","1","1","0","359.9375"
"1758","1","1","0","1","1","0","359.9375"
"1764","3","0","0","3","0","0","359.9375"
"1766","3","0","0","3","0","0","359.9375"
"1772","1","0","0","1","0","0","359.9375"
"1779","1","0","0","1","0","0","359.9375"
"1785","0","-3","0","0","-3","0","359.9375"
"1787","0","-3","0","0","-3","0","359.9375"
"1793","2","-1","0","2","-1","0","359.9375"
"1795","2","-1","0","2","-1","0","359.9375"
"1805","1","-2","0","1","-2","0","359.9375"
"1807","1","-2","0","1","-2","0","359.9375"
"1814","3","-1","0","3","-1","0","359.9375"
"1816","3","-1","0","3","-1","0","359.9375"
"1826","2","1","0","2","1","0","359.9375"
"1828","2","1","0","2","1","0","359.9375"
"1835","-1","-1","0","-1","-1","0","359.9375"
"1836","-1","-1","0","-1","-1","0","359.9375"
"1846","0","-2","0","0","-2","0","359.9375"
"1848","0","-2","0","0","-2","0","359.9375"
"1855","-4","3","0","-4","3","0","359.9375"
"1857","-4","3","0","-4","3","0","359.9375"
"1863","-3","4","0","-3","4","0","359.9375"
"1869","-3","4","0","-3","4","0","359.9375"
"1875","0","0","0","0","0","0","359.9375"
"1877","0","0","0","0","0","0","359.9375"
"1884","0","1","0","0","1","0","359.9375"
"1885","0","1","0","0","1","0","359.9375"
"1896","-1","2","0","-1","2","0","359.9375"
"1898","-1","2","0","-1","2","0","359.9375"
"1905","0","1","0","0","1","0","359.9375"
"1906","0","1","0","0","1","0","359.9375"
"1916","1","0","0","1","0","0","359.9375"
"1918","1","0","0","1","0","0","359.9375"
"1925","-1","0","0","-1","0","0","359.9375"
"1926","-1","0","0","-1","0","0","359.9375"
"1937","-3","0","0","-3","0","0","359.9375"
"1938","-3","0","0","-3","0","0","359.9375"
"1945","-2","0","0","-2","0","0","359.9375"
"1947","-2","0","0","-2","0","0","359.9375"
"1957","0","0","0","0","0","0","359.9375"
"1959","0","0","0","0","0","0","359.9375"
"1966","-2","1","0","-2","1","0","359.9375"
"1967","-2","1","0","-2","1","0","359.9375"
"1977","-2","-1","0","-2","-1","0","359.9375"
"1979","-2","-1","0","-2","-1","0","359.9375"
"1986","-3","-1","0","-3","-1","0","359.9375"
"1988","-3","-1","0","-3","-1","0","359.9375"
"1994","0","-1","0","0","-1","0","359.9375"
"1996","0","-1","0","0","-1","0","359.9375"
"2006","0","-1","0","0","-1","0","359.9375"
"2008","0","-1","0","0","-1","0","359.9375"
"2015","-4","0","0","-4","0","0","359.9375"
"2016","-4","0","0","-4","0","0","359.9375"
"2027","-1","-1","0","-1","-1","0","359.9375"
"2029","-1","-1","0","-1","-1","0","359.9375"
"2035","0","1","0","0","1","0","359.9375"
"2037","0","1","0","0","1","0","359.9375"
"2047","-2","2","0","-2","2","0","359.9375"
"2049","-2","2","0","-2","2","0","359.9375"
"2055","1","-1","0","1","-1","0","359.9375"
"2057","1","-1","0","1","-1","0","359.9375"
"2064","1","0","0","1","0","0","359.9375"
"2070","1","0","0","1","0","0","359.9375"
"2076","1","-2","0","1","-2","0","359.9375"
"2078","1","-2","0","1","-2","0","359.9375"
"2085","0","1","0","0","1","0","359.9375"
"2086","0","1","0","0","1","0","359.9375"
"2097","1","-1","0","1","-1","0","359.9375"
"2098","1","-1","0","1","-1","0","359.9375"
"2110","-3","2","0","-3","2","0","359.9375"
"2110","-3","2","0","-3","2","0","359.9375"
"2118","-1","-1","0","-1","-1","0","359.9375"
"2119","-1","-1","0","-1","-1","0","359.9375"
"2125","2","-1","0","2","-1","0","359.9375"
"2127","2","-1","0","2","-1","0","359.9375"
"2137","-2","3","0","-2","3","0","359.9375"
"2139","-2","3","0","-2","3","0","359.9375"
"2145","3","1","0","3","1","0","359.9375"
"2147","3","1","0","3","1","0","359.9375"
"2157","1","-1","0","1","-1","0","359.9375"
"2160","1","-1","0","1","-1","0","359.9375"
"2165","-3","-1","0","-3","-1","0","359.9375"
"2168","-3","-1","0","-3","-1","0","359.9375"
"2173","-3","1","0","-3","1","0","359.9375"
"2176","-3","1","0","-3","1","0","359.9375"
"2186","2","-2","0","2","-2","0","359.9375"
"2188","2","-2","0","2","-2","0","359.9375"
"2194","-1","1","0","-1","1","0","359.9375"
"2196","-1","1","0","-1","1","0","359.9375"
"2207","-1","1","0","-1","1","0","359.9375"
"2209","-1","1","0","-1","1","0","359.9375"
"2215","0","2","0","0","2","0","359.9375"
"2217","0","2","0","0","2","0","359.9375"
"2227","0","1","0","0","1","0","359.9375"
"2229","0","1","0","0","1","0","359.9375"
"2236","-3","-4","0","-3","-4","0","359.9375"
"2238","-3","-4","0","-3","-4","0","359.9375"
"2247","-2","1","0","-2","1","0","359.9375"
"2250","-2","1","0","-2","1","0","359.9375"
"2256","-1","-2","0","-1","-2","0","359.9375"
"2258","-1","-2","0","-1","-2","0","359.9375"
"2264","-3","1","0","-3","1","0","359.9375"
"2266","-3","1","0","-3","1","0","359.9375"
"2276","0","0","0","0","0","0","359.9375"
"2278","0","0","0","0","0","0","359.9375"
"2285","-1","1","0","-1","1","0","359.9375"
"2287","-1","1","0","-1","1","0","359.9375"
"2298","-2","1","0","-2","1","0","359.9375"
"2299","-2","1","0","-2","1","0","359.9375"
"2305","1","-1","0","1","-1","0","359.9375"
"2307","1","-1","0","1","-1","0","359.9375"
"2319","2","0","0","2","0","0","359.9375"
"2319","2","0","0","2","0","0","359.9375"
"2326","0","1","0","0","1","0","359.9375"
"2328","0","1","0","0","1","0","359.9375"
"2338","-1","1","0","-1","1","0","359.9375"
"2340","-1","1","0","-1","1","0","359.9375"
"2347","-2","-2","0","-2","-2","0","359.9375"
"2348","-2","-2","0","-2","-2","0","359.9375"
"2355","-1","-2","0","-1","-2","0","359.9375"
"2356","-1","-2","0","-1","-2","0","359.9375"
"2367","-4","2","0","-4","2","0","359.9375"
"2369","-4","2","0","-4","2","0","359.9375"
"2375","0","1","0","0","1","0","359.9375"
"2377","0","1","0","0","1","0","359.9375"
"2387","-1","1","0","-1","1","0","359.9375"
"2389","-1","1","0","-1","1","0","359.9375"
"2395","2","0","0","2","0","0","359.9375"
"2397","2","0","0","2","0","0","359.9375"
"2407","2","0","0","2","0","0","359.9375"
"2410","2","0","0","2","0","0","359.9375"
"2416","2","1","0","2","1","0","359.9375"
"2418","2","1","0","2","1","0","359.9375"
"2428","0","1","0","0","1","0","359.9375"
"2430","0","1","0","0","1","0","359.9375"
"2436","0","0","0","0","0","0","359.9375"
"2438","0","0","0","0","0","0","359.9375"
"2444","-2","0","0","-2","0","0","359.9375"
"2450","-2","0","0","-2","0","0","359.9375"
"2457","0","1","0","0","1","0","359.9375"
"2459","0","1","0","0","1","0","359.9375"
"2465","2","0","0","2","0","0","359.9375"
"2467","2","0","0","2","0","0","359.9375"
"2477","4","1","0","4","1","0","359.9375"
"2479","4","1","0","4","1","0","359.9375"
"2486","2","2","0","2","2","0","359.9375"
"2487","2","2","0","2","2","0","359.9375"
"2498","0","2","0","0","2","0","359.9375"
"2500","0","2","0","0","2","0","359.9375"
"2507","-1","2","0","-1","2","0","359.9375"
"2508","-1","2","0","-1","2","0","359.9375"
"2520","2","1","0","2","1","0","359.9375"
"2520","2","1","0","2","1","0","359.9375"
"2527","3","-1","0","3","-1","0","359.9375"
"2528","3","-1","0","3","-1","0","359.9375"
"2539","3","2","0","3","2","0","359.9375"
"2541","3","2","0","3","2","0","359.9375"
"2547","0","1","0","0","1","0","359.9375"
"2549","0","1","0","0","1","0","359.9375"
"2555","-1","0","0","-1","0","0","359.9375"
"2557","-1","0","0","-1","0","0","359.9375"
"2567","1","0","0","1","0","0","359.9375"
"2569","1","0","0","1","0","0","359.9375"
"2576","1","-1","0","1","-1","0","359.9375"
"2577","1","-1","0","1","-1","0","359.9375"
"2588","1","0","0","1","0","0","359.9375"
"2590","1","0","0","1","0","0","359.9375"
"2597","4","0","0","4","0","0","359.9375"
"2598","4","0","0","4","0","0","359.9375"
"2608","0","0","0","0","0","0","359.9375"
"2610","0","0","0","0","0","0","359.9375"
"2617","-1","0","0","-1","0","0","359.9375"
"2619","-1","0","0","-1","0","0","359.9375"
"2628","-1","-2","0","-1","-2","0","359.9375"
"2631","-1","-2","0","-1","-2","0","359.9375"
"2637","-2","-1","0","-2","-1","0","359.9375"
"2639","-2","-1","0","-2","-1","0","359.9375"
"2645","1","2","0","1","2","0","359.9375"
"2647","1","2","0","1","2","0","359.9375"
"2658","0","0","0","0","0","0","359.9375"
"2659","0","0","0","0","0","0","359.9375"
"2666","-3","0","0","-3","0","0","359.9375"
"2668","-3","0","0","-3","0","0","359.9375"
"2678","-1","-1","0","-1","-1","0","359.9375"
"2680","-1","-1","0","-1","-1","0","359.9375"
"2686","1","0","0","1","0","0","359.9375"
"2688","1","0","0","1","0","0","359.9375"
"2698","-3","1","0","-3","1","0","359.9375"
"2701","-3","1","0","-3","1","0","359.9375"
"2707","-1","0","0","-1","0","0","359.9375"
"2709","-1","0","0","-1","0","0","359.9375"
"2721","4","1","0","4","1","0","359.9375"
"2722","4","1","0","4","1","0","359.9375"
"2728","2","0","0","2","0","0","359.9375"
"2729","2","0","0","2","0","0","359.9375"
"2738","0","-1","0","0","-1","0","359.9375"
"2741","0","-1","0","0","-1","0","359.9375"
"2748","2","0","0","2","0","0","359.9375"
"2750","2","0","0","2","0","0","359.9375"
"2756","-2","0","0","-2","0","0","359.9375"
"2758","-2","0","0","-2","0","0","359.9375"
"2769","0","-3","0","0","-3","0","359.9375"
"2770","0","-3","0","0","-3","0","359.9375"
"2776","3","0","0","3","0","0","359.9375"
"2778","3","0","0","3","0","0","359.9375"
"2788","2","1","0","2","1","0","359.9375"
"2790","2","1","0","2","1","0","359.9375"
"2797","2","0","0","2","0","0","359.9375"
"2799","2","0","0","2","0","0","359.9375"
"2809","2","-1","0","2","-1","0","359.9375"
"2811","2","-1","0","2","-1","0","359.9375"
"2817","2","1","0","2","1","0","359.9375"
"2819","2","1","0","2","1","0","359.9375"
"2826","-1","1","0","-1","1","0","359.9375"
"2831","-1","1","0","-1","1","0","359.9375"
"2838","2","-2","0","2","-2","0","359.9375"
"2840","2","-2","0","2","-2","0","359.9375"
"2847","2","-2","0","2","-2","0","359.9375"
"2848","2","-2","0","2","-2","0","359.9375"
"2858","0","0","0","0","0","0","359.9375"
"2860","0","0","0","0","0","0","359.9375"
"2867","3","0","0","3","0","0","359.9375"
"2868","3","0","0","3","0","0","359.9375"
"2879","0","-2","0","0","-2","0","359.9375"
"2881","0","-2","0","0","-2","0","359.9375"
"2887","2","0","0","2","0","0","359.9375"
"2889","2","0","0","2","0","0","359.9375"
"2899","2","2","0","2","2","0","359.9375"
"2901","2","2","0","2","2","0","359.9375"
"2908","0","1","0","0","1","0","359.9375"
"2909","0","1","0","0","1","0","359.9375"
"2916","2","2","0","2","2","0","359.9375"
"2922","2","2","0","2","2","0","359.9375"
"2928","1","0","0","1","0","0","359.9375"
"2930","1","0","0","1","0","0","359.9375"
"2937","-2","1","0","-2","1","0","359.9375"
"2938","-2","1","0","-2","1","0","359.9375"
"2949","-2","1","0","-2","1","0","359.9375"
"2950","-2","1","0","-2","1","0","359.9375"
"2957","-1","1","0","-1","1","0","359.9375"
"2958","-1","1","0","-1","1","0","359.9375"
"2970","1","1","0","1","1","0","359.9375"
"2971","1","1","0","1","1","0","359.9375"
"2977","2","-2","0","2","-2","0","359.9375"
"2979","2","-2","0","2","-2","0","359.9375"
"2990","-1","-1","0","-1","-1","0","359.9375"
"2991","-1","-1","0","-1","-1","0","359.9375"
"2997","-1","-1","0","-1","-1","0","359.9375"
"3000","-1","-1","0","-1","-1","0","359.9375"
"3010","-1","3","0","-1","3","0","359.9375"
"3012","-1","3","0","-1","3","0","359.9375"
"3018","0","1","0","0","1","0","359.9375"
"3020","0","1","0","0","1","0","359.9375"
"3026","0","2","0","0","2","0","359.9375"
"3032","0","2","0","0","2","0","359.9375"
"3039","0","3","0","0","3","0","359.9375"
"3040","0","3","0","0","3","0","359.9375"
"3047","0","3","0","0","3","0","359.9375"
"3049","0","3","0","0","3","0","359.9375"
"3059","1","1","0","1","1","0","359.9375"
"3061","1","1","0","1","1","0","359.9375"
"3067","0","2","0","0","2","0","359.9375"
"3069","0","2","0","0","2","0","359.9375"
"3079","2","-2","0","2","-2","0","359.9375"
"3081","2","-2","0","2","-2","0","359.9375"
"3088","-2","-1","0","-2","-1","0","359.9375"
"3090","-2","-1","0","-2","-1","0","359.9375"
"3096","-2","-1","0","-2","-1","0","359.9375"
"3102","-2","-1","0","-2","-1","0","359.9375"
"3108","3","0","0","3","0","0","359.9375"
"3110","3","0","0","3","0","0","359.9375"
"3117","0","0","0","0","0","0","359.9375"
"3118","0","0","0","0","0","0","359.9375"
"3128","0","0","0","0","0","0","359.9375"
"3131","0","0","0","0","0","0","359.9375"
"3139","2","-1","0","2","-1","0","359.9375"
"3139","2","-1","0","2","-1","0","359.9375"
"3146","1","2","0","1","2","0","359.9375"
"3151","1","2","0","1","2","0","359.9375"
"3158","-3","0","0","-3","0","0","359.9375"
"3159","-3","0","0","-3","0","0","359.9375"
"3169","2","-2","0","2","-2","0","359.9375"
"3171","2","-2","0","2","-2","0","359.9375"
"3177","2","1","0","2","1","0","359.9375"
"3180","2","1","0","2","1","0","359.9375"
"3189","2","1","0","2","1","0","359.9375"
"3189","2","1","0","2","1","0","359.9375"
"3198","2","3","0","2","3","0","359.9375"
"3200","2","3","0","2","3","0","359.9375"
"3208","-1","-1","0","-1","-1","0","359.9375"
"3212","-1","-1","0","-1","-1","0","359.9375"
"3219","-1","-1","0","-1","-1","0","359.9375"
"3221","-1","-1","0","-1","-1","0","359.9375"
"3226","1","0","0","1","0","0","359.9375"
"3229","1","0","0","1","0","0","359.9375"
"3238","0","0","0","0","0","0","359.9375"
"3239","0","0","0","0","0","0","359.9375"
"3246","0","0","0","0","0","0","359.9375"
"3249","0","0","0","0","0","0","359.9375"
"3259","3","0","0","3","0","0","359.9375"
"3262","3","0","0","3","0","0","359.9375"
"3267","2","-2","0","2","-2","0","359.9375"
"3270","2","-2","0","2","-2","0","359.9375"
"3280","1","1","0","1","1","0","359.9375"
"3282","1","1","0","1","1","0","359.9375"
"3288","1","-1","0","1","-1","0","359.9375"
"3290","1","-1","0","1","-1","0","359.9375"
"3296","0","1","0","0","1","0","359.9375"
"3302","0","1","0","0","1","0","359.9375"
"3309","-2","1","0","-2","1","0","359.9375"
"3311","-2","1","0","-2","1","0","359.9375"
"3318","2","0","0","2","0","0","359.9375"
"3319","2","0","0","2","0","0","359.9375"
"3330","2","1","0","2","1","0","359.9375"
"3331","2","1","0","2","1","0","359.9375"
"3343","0","0","0","0","0","0","359.9375"
"3344","0","0","0","0","0","0","359.9375"
"3353","1","-2","0","1","-2","0","359.9375"
"3353","1","-2","0","1","-2","0","359.9375"
"3360","-1","3","0","-1","3","0","359.9375"
"3360","-1","3","0","-1","3","0","359.9375"
"3371","-5","-1","0","-5","-1","0","359.9375"
"3372","-5","-1","0","-5","-1","0","359.9375"
"3382","2","3","0","2","3","0","359.9375"
"3382","2","3","0","2","3","0","359.9375"
"3391","1","2","0","1","2","0","359.9375"
"3391","1","2","0","1","2","0","359.9375"
"3398","0","0","0","0","0","0","359.9375"
"3401","0","0","0","0","0","0","359.9375"
"3411","3","0","0","3","0","0","359.9375"
"3413","3","0","0","3","0","0","359.9375"
"3422","0","0","0","0","0","0","359.9375"
"3422","0","0","0","0","0","0","359.9375"
"3427","-1","0","0","-1","0","0","359.9375"
"3429","-1","0","0","-1","0","0","359.9375"
"3439","2","-5","0","2","-5","0","359.9375"
"3439","2","-5","0","2","-5","0","359.9375"
"3447","1","0","0","1","0","0","359.9375"
"3450","1","0","0","1","0","0","359.9375"
"3459","-1","2","0","-1","2","0","359.9375"
"3462","-1","2","0","-1","2","0","359.9375"
"3469","-2","0","0","-2","0","0","359.9375"
"3470","-2","0","0","-2","0","0","359.9375"
"3476","2","0","0","2","0","0","359.9375"
"3483","2","0","0","2","0","0","359.9375"
"3489","1","0","0","1","0","0","359.9375"
"3489","1","0","0","1","0","0","359.9375"
"3496","0","-1","0","0","-1","0","359.9375"
"3499","0","-1","0","0","-1","0","359.9375"
"3509","0","0","0","0","0","0","359.9375"
"3511","0","0","0","0","0","0","359.9375"
"3518","2","-1","0","2","-1","0","359.9375"
"3520","2","-1","0","2","-1","0","359.9375"
"3531","1","0","0","1","0","0","359.9375"
"3532","1","0","0","1","0","0","359.9375"
"3539","0","-1","0","0","-1","0","359.9375"
"3540","0","-1","0","0","-1","0","359.9375"
"3547","1","3","0","1","3","0","359.9375"
"3553","1","3","0","1","3","0","359.9375"
"3559","-1","1","0","-1","1","0","359.9375"
"3561","-1","1","0","-1","1","0","359.9375"
"3570","0","1","0","0","1","0","359.9375"
"3573","0","1","0","0","1","0","359.9375"
"3578","1","-1","0","1","-1","0","359.9375"
"3581","1","-1","0","1","-1","0","359.9375"
"3593","-2","-1","0","-2","-1","0","359.9375"
"3594","-2","-1","0","-2","-1","0","359.9375"
"3601","-1","0","0","-1","0","0","359.9375"
"3602","-1","0","0","-1","0","0","359.9375"
"3607","-1","1","0","-1","1","0","359.9375"
"3610","-1","1","0","-1","1","0","359.9375"
"3620","-2","0","0","-2","0","0","359.9375"
"3622","-2","0","0","-2","0","0","359.9375"
"3628","0","-1","0","0","-1","0","359.9375"
"3630","0","-1","0","0","-1","0","359.9375"
"3640","1","-4","0","1","-4","0","359.9375"
"3640","1","-4","0","1","-4","0","359.9375"
"3648","1","-2","0","1","-2","0","359.9375"
"3651","1","-2","0","1","-2","0","359.9375"
"3660","3","0","0","3","0","0","359.9375"
"3663","3","0","0","3","0","0","359.9375"
"3669","-1","-1","0","-1","-1","0","359.9375"
"3671","-1","-1","0","-1","-1","0","359.9375"
"3678","2","-1","0","2","-1","0","359.9375"
"3683","2","-1","0","2","-1","0","359.9375"
"3690","0","-1","0","0","-1","0","359.9375"
"3690","0","-1","0","0","-1","0","359.9375"
"3698","1","1","0","1","1","0","359.9375"
"3700","1","1","0","1","1","0","359.9375"
"3710","-3","0","0","-3","0","0","359.9375"
"3712","-3","0","0","-3","0","0","359.9375"
"3719","0","-1","0","0","-1","0","359.9375"
"3720","0","-1","0","0","-1","0","359.9375"
"3732","-2","1","0","-2","1","0","359.9375"
"3733","-2","1","0","-2","1","0","359.9375"
"3739","-1","-3","0","-1","-3","0","359.9375"
"3741","-1","-3","0","-1","-3","0","359.9375"
"3747","0","-1","0","0","-1","0","359.9375"
"3753","0","-1","0","0","-1","0","359.9375"
"3759","0","1","0","0","1","0","359.9375"
"3761","0","1","0","0","1","0","359.9375"
"3772","0","1","0","0","1","0","359.9375"
"3774","0","1","0","0","1","0","359.9375"
"3781","-2","2","0","-2","2","0","359.9375"
"3782","-2","2","0","-2","2","0","359.9375"
"3788","1","-1","0","1","-1","0","359.9375"
"3790","1","-1","0","1","-1","0","359.9375"
"3798","2","-1","0","2","-1","0","359.9375"
"3802","2","-1","0","2","-1","0","359.9375"
"3808","1","-1","0","1","-1","0","359.9375"
"3810","1","-1","0","1","-1","0","359.9375"
"3820","4","-3","0","4","-3","0","359.9375"
"3823","4","-3","0","4","-3","0","359.9375"
"3828","-1","-1","0","-1","-1","0","359.9375"
"3831","-1","-1","0","-1","-1","0","359.9375"
"3840","-1","0","0","-1","0","0","359.9375"
"3841","-1","0","0","-1","0","0","359.9375"
"3846","1","-1","0","1","-1","0","359.9375"
"3851","1","-1","0","1","-1","0","359.9375"
"3860","-3","-2","0","-3","-2","0","359.9375"
"3864","-3","-2","0","-3","-2","0","359.9375"
"3870","1","0","0","1","0","0","359.9375"
"3872","1","0","0","1","0","0","359.9375"
"3877","-1","2","0","-1","2","0","359.9375"
"3884","-1","2","0","-1","2","0","359.9375"
"3891","-1","4","0","-1","4","0","359.9375"
"3891","-1","4","0","-1","4","0","359.9375"
"3898","1","3","0","1","3","0","359.9375"
"3901","1","3","0","1","3","0","359.9375"
"3911","-1","1","0","-1","1","0","359.9375"
"3913","-1","1","0","-1","1","0","359.9375"
"3919","-1","-2","0","-1","-2","0","359.9375"
"3921","-1","-2","0","-1","-2","0","359.9375"
"3932","0","-2","0","0","-2","0","359.9375"
"3933","0","-2","0","0","-2","0","359.9375"
"3941","3","0","0","3","0","0","359.9375"
"3942","3","0","0","3","0","0","359.9375"
"3948","2","1","0","2","1","0","359.9375"
"3954","2","1","0","2","1","0","359.9375"
"3961","-2","0","0","-2","0","0","359.9375"
"3962","-2","0","0","-2","0","0","359.9375"
"3969","3","2","0","3","2","0","359.9375"
"3974","3","2","0","3","2","0","359.9375"
"3980","1","4","0","1","4","0","359.9375"
"3983","1","4","0","1","4","0","359.9375"
"3988","-1","1","0","-1","1","0","359.9375"
"3991","-1","1","0","-1","1","0","359.9375"
"3996","1","-2","0","1","-2","0","359.9375"
"4003","1","-2","0","1","-2","0","359.9375"
"4009","2","1","0","2","1","0","359.9375"
"4011","2","1","0","2","1","0","359.9375"
"4021","1","1","0","1","1","0","359.9375"
"4023","1","1","0","1","1","0","359.9375"
"4029","1","1","0","1","1","0","359.9375"
"4032","1","1","0","1","1","0","359.9375"
"4042","0","0","0","0","0","0","359.9375"
"4042","0","0","0","0","0","0","359.9375"
"4048","2","1","0","2","1","0","359.9375"
"4052","2","1","0","2","1","0","359.9375"
"4058","1","1","0","1","1","0","359.9375"
"4064","1","1","0","1","1","0","359.9375"
"4071","2","2","0","2","2","0","359.9375"
"4073","2","2","0","2","2","0","359.9375"
"4079","-2","3","0","-2","3","0","359.9375"
"4085","-2","3","0","-2","3","0","359.9375"
"4091","1","1","0","1","1","0","359.9375"
"4091","1","1","0","1","1","0","359.9375"
"4099","-1","1","0","-1","1","0","359.9375"
"4101","-1","1","0","-1","1","0","359.9375"
"4111","-1","1","0","-1","1","0","359.9375"
"4114","-1","1","0","-1","1","0","359.9375"
"4120","-3","2","0","-3","2","0","359.9375"
"4122","-3","2","0","-3","2","0","359.9375"
"4132","2","4","0","2","4","0","359.9375"
"4134","2","4","0","2","4","0","359.9375"
"4140","3","1","0","3","1","0","359.9375"
"4142","3","1","0","3","1","0","359.9375"
"4149","-1","1","0","-1","1","0","359.9375"
"4154","-1","1","0","-1","1","0","359.9375"
"4161","0","3","0","0","3","0","359.9375"
"4163","0","3","0","0","3","0","359.9375"
"4170","-1","2","0","-1","2","0","359.9375"
"4171","-1","2","0","-1","2","0","359.9375"
"4182","-2","2","0","-2","2","0","359.9375"
"4183","-2","2","0","-2","2","0","359.9375"
"4190","1","3","0","1","3","0","359.9375"
"4191","1","3","0","1","3","0","359.9375"
"4198","-1","2","0","-1","2","0","359.9375"
"4204","-1","2","0","-1","2","0","359.9375"
"4210","0","2","0","0","2","0","359.9375"
"4212","0","2","0","0","2","0","359.9375"
"4222","0","2","0","0","2","0","359.9375"
"4224","0","2","0","0","2","0","359.9375"
"4230","-1","1","0","-1","1","0","359.9375"
"4232","-1","1","0","-1","1","0","359.9375"
"4243","-1","1","0","-1","1","0","359.9375"
"4243","-1","1","0","-1","1","0","359.9375"
"4249","0","-1","0","0","-1","0","359.9375"
"4253","0","-1","0","0","-1","0","359.9375"
"4260","-4","2","0","-4","2","0","359.9375"
"4261","-4","2","0","-4","2","0","359.9375"
"4271","1","1","0","1","1","0","359.9375"
"4273","1","1","0","1","1","0","359.9375"
"4280","-2","1","0","-2","1","0","359.9375"
"4282","-2","1","0","-2","1","0","359.9375"
"4292","-1","0","0","-1","0","0","359.9375"
"4292","-1","0","0","-1","0","0","359.9375"
"4300","0","1","0","0","1","0","359.9375"
"4302","0","1","0","0","1","0","359.9375"
"4313","1","0","0","1","0","0","359.9375"
"4314","1","0","0","1","0","0","359.9375"
"4320","1","3","0","1","3","0","359.9375"
"4323","1","3","0","1","3","0","359.9375"
"4329","0","1","0","0","1","0","359.9375"
"4335","0","1","0","0","1","0","359.9375"
"4341","3","1","0","3","1","0","359.9375"
"4341","3","1","0","3","1","0","359.9375"
"4351","0","0","0","0","0","0","359.9375"
"4351","0","0","0","0","0","0","359.9375"
"4361","-2","3","0","-2","3","0","359.9375"
"4363","-2","3","0","-2","3","0","359.9375"
"4370","-2","-2","0","-2","-2","0","359.9375"
"4372","-2","-2","0","-2","-2","0","359.9375"
"4383","-2","-3","0","-2","-3","0","359.9375"
"4384","-2","-3","0","-2","-3","0","359.9375"
"4391","0","1","0","0","1","0","359.9375"
"4392","0","1","0","0","1","0","359.9375"
"4399","0","-2","0","0","-2","0","359.9375"
"4404","0","-2","0","0","-2","0","359.9375"
"4411","1","-2","0","1","-2","0","359.9375"
"4413","1","-2","0","1","-2","0","359.9375"
"4419","0","-3","0","0","-3","0","359.9375"
"4425","0","-3","0","0","-3","0","359.9375"
"4431","-1","-2","0","-1","-2","0","359.9375"
"4433","-1","-2","0","-1","-2","0","359.9375"
"4440","-1","-3","0","-1","-3","0","359.9375"
"4441","-1","-3","0","-1","-3","0","359.9375"
"4448","1","-2","0","1","-2","0","359.9375"
"4454","1","-2","0","1","-2","0","359.9375"
"4460","0","-1","0","0","-1","0","359.9375"
"4462","0","-1","0","0","-1","0","359.9375"
"4482","0","-1","0","0","-1","0","359.9375"
"4482","0","-1","0","0","-1","0","359.9375"
"4489","-1","-1","0","-1","-1","0","359.9375"
"4489","-1","-1","0","-1","-1","0","359.9375"
"4495","-4","0","0","-4","0","0","359.9375"
"4495","-4","0","0","-4","0","0","359.9375"
"4502","-2","-1","0","-2","-1","0","359.9375"
"4503","-2","-1","0","-2","-1","0","359.9375"
"4509","-2","-4","0","-2","-4","0","359.9375"
"4511","-2","-4","0","-2","-4","0","359.9375"
"4522","-3","0","0","-3","0","0","359.9375"
"4523","-3","0","0","-3","0","0","359.9375"
"4530","-1","-1","0","-1","-1","0","359.9375"
"4531","-1","-1","0","-1","-1","0","359.9375"
"4541","0","-1","0","0","-1","0","359.9375"
"4542","0","-1","0","0","-1","0","359.9375"
"4548","1","0","0","1","0","0","359.9375"
"4552","1","0","0","1","0","0","359.9375"
"4560","-1","2","0","-1","2","0","359.9375"
"4560","-1","2","0","-1","2","0","359.9375"
"4572","-1","-3","0","-1","-3","0","359.9375"
"4572","-1","-3","0","-1","-3","0","359.9375"
"4581","-2","-1","0","-2","-1","0","359.9375"
"4581","-2","-1","0","-2","-1","0","359.9375"
"4592","-1","-2","0","-1","-2","0","359.9375"
"4592","-1","-2","0","-1","-2","0","359.9375"
"4597","3","-1","0","3","-1","0","359.9375"
"4601","3","-1","0","3","-1","0","359.9375"
"4608","0","-1","0","0","-1","0","359.9375"
"4609","0","-1","0","0","-1","0","359.9375"
"4619","2","-1","0","2","-1","0","359.9375"
"4621","2","-1","0","2","-1","0","359.9375"
"4627","1","-2","0","1","-2","0","359.9375"
"4630","1","-2","0","1","-2","0","359.9375"
"4635","-1","-1","0","-1","-1","0","359.9375"
"4638","-1","-1","0","-1","-1","0","359.9375"
"4643","0","-1","0","0","-1","0","359.9375"
"4650","0","-1","0","0","-1","0","359.9375"
"4656","1","-4","0","1","-4","0","359.9375"
"4658","1","-4","0","1","-4","0","359.9375"
"4668","0","-3","0","0","-3","0","359.9375"
"4671","0","-3","0","0","-3","0","359.9375"
"4676","1","-1","0","1","-1","0","359.9375"
"4679","1","-1","0","1","-1","0","359.9375"
"4685","-2","-1","0","-2","-1","0","359.9375"
"4687","-2","-1","0","-2","-1","0","359.9375"
"4697","-2","-3","0","-2","-3","0","359.9375"
"4699","-2","-3","0","-2","-3","0","359.9375"
"4706","-1","2","0","-1","2","0","359.9375"
"4707","-1","2","0","-1","2","0","359.9375"
"4718","1","-1","0","1","-1","0","359.9375"
"4720","1","-1","0","1","-1","0","359.9375"
"4726","-1","0","0","-1","0","0","359.9375"
"4728","-1","0","0","-1","0","0","359.9375"
"4735","-2","-1","0","-2","-1","0","359.9375"
"4736","-2","-1","0","-2","-1","0","359.9375"
"4746","2","-1","0","2","-1","0","359.9375"
"4753","2","-1","0","2","-1","0","359.9375"
"4763","-1","-1","0","-1","-1","0","359.9375"
"4763","-1","-1","0","-1","-1","0","359.9375"
"4771","0","2","0","0","2","0","359.9375"
"4771","0","2","0","0","2","0","359.9375"
"4780","-3","2","0","-3","2","0","359.9375"
"4780","-3","2","0","-3","2","0","359.9375"
"4791","0","-4","0","0","-4","0","359.9375"
"4791","0","-4","0","0","-4","0","359.9375"
"4800","3","-1","0","3","-1","0","359.9375"
"4800","3","-1","0","3","-1","0","359.9375"
"4808","1","0","0","1","0","0","359.9375"
"4808","1","0","0","1","0","0","359.9375"
"4817","-1","-1","0","-1","-1","0","359.9375"
"4818","-1","-1","0","-1","-1","0","359.9375"
"4824","-1","0","0","-1","0","0","359.9375"
"4826","-1","0","0","-1","0","0","359.9375"
"4838","0","1","0","0","1","0","359.9375"
"4839","0","1","0","0","1","0","359.9375"
"4845","2","0","0","2","0","0","359.9375"
"4847","2","0","0","2","0","0","359.9375"
"4858","0","-1","0","0","-1","0","359.9375"
"4859","0","-1","0","0","-1","0","359.9375"
"4867","-1","0","0","-1","0","0","359.9375"
"4867","-1","0","0","-1","0","0","359.9375"
"4877","0","-1","0","0","-1","0","359.9375"
"4879","0","-1","0","0","-1","0","359.9375"
"4886","2","-1","0","2","-1","0","359.9375"
"4888","2","-1","0","2","-1","0","359.9375"
"4894","3","-1","0","3","-1","0","359.9375"
"4896","3","-1","0","3","-1","0","359.9375"
"4907","1","0","0","1","0","0","359.9375"
"4908","1","0","0","1","0","0","359.9375"
"4915","1","1","0","1","1","0","359.9375"
"4916","1","1","0","1","1","0","359.9375"
"4926","0","0","0","0","0","0","359.9375"
"4929","0","0","0","0","0","0","359.9375"
"4935","-2","1","0","-2","1","0","359.9375"
"4937","-2","1","0","-2","1","0","359.9375"
"4946","-4","0","0","-4","0","0","359.9375"
"4949","-4","0","0","-4","0","0","359.9375"
"4955","3","2","0","3","2","0","359.9375"
"4957","3","2","0","3","2","0","359.9375"
"4969","-1","-1","0","-1","-1","0","359.9375"
"4970","-1","-1","0","-1","-1","0","359.9375"
"4975","-2","1","0","-2","1","0","359.9375"
"4978","-2","1","0","-2","1","0","359.9375"
"4985","1","-2","0","1","-2","0","359.9375"
"4986","1","-2","0","1","-2","0","359.9375"
"4997","1","-1","0","1","-1","0","359.9375"
"4998","1","-1","0","1","-1","0","359.9375"
"5005","0","2","0","0","2","0","359.9375"
"5006","0","2","0","0","2","0","359.9375"
"5016","-1","0","0","-1","0","0","359.9375"
"5019","-1","0","0","-1","0","0","359.9375"
"5024","1","-1","0","1","-1","0","359.9375"
"5027","1","-1","0","1","-1","0","359.9375"
"5037","2","-2","0","2","-2","0","359.9375"
"5039","2","-2","0","2","-2","0","359.9375"
"5045","1","-2","0","1","-2","0","359.9375"
"5048","1","-2","0","1","-2","0","359.9375"
"5053","1","0","0","1","0","0","359.9375"
"5060","1","0","0","1","0","0","359.9375"
"5073","-2","1","0","-2","1","0","359.9375"
"5073","-2","1","0","-2","1","0","359.9375"
"5080","-1","-1","0","-1","-1","0","359.9375"
"5080","-1","-1","0","-1","-1","0","359.9375"
"5086","-2","-1","0","-2","-1","0","359.9375"
"5088","-2","-1","0","-2","-1","0","359.9375"
"5094","1","-2","0","1","-2","0","359.9375"
"5097","1","-2","0","1","-2","0","359.9375"
"5106","2","0","0","2","0","0","359.9375"
"5109","2","0","0","2","0","0","359.9375"
"5115","-3","3","0","-3","3","0","359.9375"
"5117","-3","3","0","-3","3","0","359.9375"
"5127","-4","-1","0","-4","-1","0","359.9375"
"5129","-4","-1","0","-4","-1","0","359.9375"
"5136","-1","-2","0","-1","-2","0","359.9375"
"5138","-1","-2","0","-1","-2","0","359.9375"
"5144","-1","-3","0","-1","-3","0","359.9375"
"5150","-1","-3","0","-1","-3","0","359.9375"
"5156","-1","0","0","-1","0","0","359.9375"
"5158","-1","0","0","-1","0","0","359.9375"
"5164","-2","2","0","-2","2","0","359.9375"
"5166","-2","2","0","-2","2","0","359.9375"
"5178","0","0","0","0","0","0","359.9375"
"5179","0","0","0","0","0","0","359.9375"
"5186","-5","0","0","-5","0","0","359.9375"
"5187","-5","0","0","-5","0","0","359.9375"
"5196","-1","1","0","-1","1","0","359.9375"
"5199","-1","1","0","-1","1","0","359.9375"
"5205","-1","0","0","-1","0","0","359.9375"
"5207","-1","0","0","-1","0","0","359.9375"
"5218","1","0","0","1","0","0","359.9375"
"5219","1","0","0","1","0","0","359.9375"
"5225","-2","1","0","-2","1","0","359.9375"
"5228","-2","1","0","-2","1","0","359.9375"
"5233","-3","0","0","-3","0","0","359.9375"
"5240","-3","0","0","-3","0","0","359.9375"
"5246","0","0","0","0","0","0","359.9375"
"5248","0","0","0","0","0","0","359.9375"
"5254","1","-1","0","1","-1","0","359.9375"
"5256","1","-1","0","1","-1","0","359.9375"
"5267","1","2","0","1","2","0","359.9375"
"5269","1","2","0","1","2","0","359.9375"
"5275","1","0","0","1","0","0","359.9375"
"5277","1","0","0","1","0","0","359.9375"
"5287","-1","0","0","-1","0","0","359.9375"
"5289","-1","0","0","-1","0","0","359.9375"
"5295","-2","2","0","-2","2","0","359.9375"
"5297","-2","2","0","-2","2","0","359.9375"
"5307","-2","-2","0","-2","-2","0","359.9375"
"5310","-2","-2","0","-2","-2","0","359.9375"
"5316","-1","-1","0","-1","-1","0","359.9375"
"5318","-1","-1","0","-1","-1","0","359.9375"
"5324","-1","0","0","-1","0","0","359.9375"
"5326","-1","0","0","-1","0","0","359.9375"
"5336","-1","1","0","-1","1","0","359.9375"
"5338","-1","1","0","-1","1","0","359.9375"
"5345","-1","-3","0","-1","-3","0","359.9375"
"5346","-1","-3","0","-1","-3","0","359.9375"
"5357","-1","-1","0","-1","-1","0","359.9375"
"5359","-1","-1","0","-1","-1","0","359.9375"
"5365","2","-1","0","2","-1","0","359.9375"
"5367","2","-1","0","2","-1","0","359.9375"
"5378","1","1","0","1","1","0","359.9375"
"5379","1","1","0","1","1","0","359.9375"
"5386","1","-1","0","1","-1","0","359.9375"
"5387","1","-1","0","1","-1","0","359.9375"
"5398","-2","1","0","-2","1","0","359.9375"
"5400","-2","1","0","-2","1","0","359.9375"
"5406","0","0","0","0","0","0","359.9375"
"5408","0","0","0","0","0","0","359.9375"
"5414","1","0","0","1","0","0","359.9375"
"5416","1","0","0","1","0","0","359.9375"
"5426","-1","0","0","-1","0","0","359.9375"
"5428","-1","0","0","-1","0","0","359.9375"
"5435","2","0","0","2","0","0","359.9375"
"5437","2","0","0","2","0","0","359.9375"
"5447","2","1","0","2","1","0","359.9375"
"5449","2","1","0","2","1","0","359.9375"
"5455","-1","0","0","-1","0","0","359.9375"
"5457","-1","0","0","-1","0","0","359.9375"
"5468","3","1","0","3","1","0","359.9375"
"5469","3","1","0","3","1","0","359.9375"
"5476","1","2","0","1","2","0","359.9375"
"5478","1","2","0","1","2","0","359.9375"
"5484","1","2","0","1","2","0","359.9375"
"5490","1","2","0","1","2","0","359.9375"
"5496","2","3","0","2","3","0","359.9375"
"5498","2","3","0","2","3","0","359.9375"
"5505","3","1","0","3","1","0","359.9375"
"5510","3","1","0","3","1","0","359.9375"
"5517","0","1","0","0","1","0","359.9375"
"5519","0","1","0","0","1","0","359.9375"
"5525","0","-1","0","0","-1","0","359.9375"
"5527","0","-1","0","0","-1","0","359.9375"
"5537","0","0","0","0","0","0","359.9375"
"5539","0","0","0","0","0","0","359.9375"
"5545","1","-2","0","1","-2","0","359.9375"
"5547","1","-2","0","1","-2","0","359.9375"
"5557","2","-1","0","2","-1","0","359.9375"
"5559","2","-1","0","2","-1","0","359.9375"
"5566","2","1","0","2","1","0","359.9375"
"5568","2","1","0","2","1","0","359.9375"
"5578","1","-1","0","1","-1","0","359.9375"
"5580","1","-1","0","1","-1","0","359.9375"
"5586","0","3","0","0","3","0","359.9375"
"5588","0","3","0","0","3","0","359.9375"
"5596","1","-2","0","1","-2","0","359.9375"
"5596","1","-2","0","1","-2","0","359.9375"
"5606","2","0","0","2","0","0","359.9375"
"5609","2","0","0","2","0","0","359.9375"
"5616","1","0","0","1","0","0","359.9375"
"5617","1","0","0","1","0","0","359.9375"
"5627","-4","0","0","-4","0","0","359.9375"
"5629","-4","0","0","-4","0","0","359.9375"
"5636","0","1","0","0","1","0","359.9375"
"5637","0","1","0","0","1","0","359.9375"
"5647","0","1","0","0","1","0","359.9375"
"5650","0","1","0","0","1","0","359.9375"
"5656","0","1","0","0","1","0","359.9375"
"5658","0","1","0","0","1","0","359.9375"
"5664","-1","-2","0","-1","-2","0","359.9375"
"5670","-1","-2","0","-1","-2","0","359.9375"
"5676","0","0","0","0","0","0","359.9375"
"5678","0","0","0","0","0","0","359.9375"
"5685","2","-2","0","2","-2","0","359.9375"
"5686","2","-2","0","2","-2","0","359.9375"
"5697","0","1","0","0","1","0","359.9375"
"5699","0","1","0","0","1","0","359.9375"
"5706","4","0","0","4","0","0","359.9375"
"5707","4","0","0","4","0","0","359.9375"
"5717","0","0","0","0","0","0","359.9375"
"5719","0","0","0","0","0","0","359.9375"
"5726","1","-1","0","1","-1","0","359.9375"
"5728","1","-1","0","1","-1","0","359.9375"
"5738","0","-2","0","0","-2","0","359.9375"
"5740","0","-2","0","0","-2","0","359.9375"
"5746","-1","-1","0","-1","-1","0","359.9375"
"5748","-1","-1","0","-1","-1","0","359.9375"
"5755","0","1","0","0","1","0","359.9375"
"5760","0","1","0","0","1","0","359.9375"
"5766","-1","1","0","-1","1","0","359.9375"
"5769","-1","1","0","-1","1","0","359.9375"
"5774","1","-1","0","1","-1","0","359.9375"
"5776","1","-1","0","1","-1","0","359.9375"
"5787","-1","-3","0","-1","-3","0","359.9375"
"5789","-1","-3","0","-1","-3","0","359.9375"
"5796","0","-1","0","0","-1","0","359.9375"
"5797","0","-1","0","0","-1","0","359.9375"
"5807","1","2","0","1","2","0","359.9375"
"5809","1","2","0","1","2","0","359.9375"
"5816","1","0","0","1","0","0","359.9375"
"5818","1","0","0","1","0","0","359.9375"
"5828","-1","-1","0","-1","-1","0","359.9375"
"5830","-1","-1","0","-1","-1","0","359.9375"
"5836","-2","0","0","-2","0","0","359.9375"
"5838","-2","0","0","-2","0","0","359.9375"
"5845","4","-2","0","4","-2","0","359.9375"
"5846","4","-2","0","4","-2","0","359.9375"
"5856","2","0","0","2","0","0","359.9375"
"5858","2","0","0","2","0","0","359.9375"
"5865","2","0","0","2","0","0","359.9375"
"5867","2","0","0","2","0","0","359.9375"
"5877","0","0","0","0","0","0","359.9375"
"5879","0","0","0","0","0","0","359.9375"
"5885","0","0","0","0","0","0","359.9375"
"5887","0","0","0","0","0","0","359.9375"
"5897","1","1","0","1","1","0","359.9375"
"5899","1","1","0","1","1","0","359.9375"
"5906","3","0","0","3","0","0","359.9375"
"5908","3","0","0","3","0","0","359.9375"
"5918","0","0","0","0","0","0","359.9375"
"5920","0","0","0","0","0","0","359.9375"
"5926","2","0","0","2","0","0","359.9375"
"5928","2","0","0","2","0","0","359.9375"
"5935","0","0","0","0","0","0","359.9375"
"5940","0","0","0","0","0","0","359.9375"
"5947","-1","2","0","-1","2","0","359.9375"
"5949","-1","2","0","-1","2","0","359.9375"
"5955","0","0","0","0","0","0","359.9375"
"5957","0","0","0","0","0","0","359.9375"
"5967","0","3","0","0","3","0","359.9375"
"5969","0","3","0","0","3","0","359.9375"
"5976","0","-3","0","0","-3","0","359.9375"
"5977","0","-3","0","0","-3","0","359.9375"
"5987","-2","-1","0","-2","-1","0","359.9375"
"5990","-2","-1","0","-2","-1","0","359.9375"
"5996","-1","-1","0","-1","-1","0","359.9375"
"5998","-1","-1","0","-1","-1","0","359.9375"
"6010","0","-3","0","0","-3","0","359.9375"
"6010","0","-3","0","0","-3","0","359.9375"
"6020","2","-1","0","2","-1","0","359.9375"
"6020","2","-1","0","2","-1","0","359.9375"
"6026","5","1","0","5","1","0","359.9375"
"6030","5","1","0","5","1","0","359.9375"
"6037","-2","-1","0","-2","-1","0","359.9375"
"6039","-2","-1","0","-2","-1","0","359.9375"
"6044","-2","2","0","-2","2","0","359.9375"
"6047","-2","2","0","-2","2","0","359.9375"
"6056","2","1","0","2","1","0","359.9375"
"6059","2","1","0","2","1","0","359.9375"
"6065","-1","-1","0","-1","-1","0","359.9375"
"6067","-1","-1","0","-1","-1","0","359.9375"
"6077","-1","-3","0","-1","-3","0","359.9375"
"6080","-1","-3","0","-1","-3","0","359.9375"
"6085","-2","1","0","-2","1","0","359.9375"
"6088","-2","1","0","-2","1","0","359.9375"
"6097","1","0","0","1","0","0","359.9375"
"6100","1","0","0","1","0","0","359.9375"
"6106","-1","0","0","-1","0","0","359.9375"
"6108","-1","0","0","-1","0","0","359.9375"
"6115","0","0","0","0","0","0","359.9375"
"6121","0","0","0","0","0","0","359.9375"
"6127","1","3","0","1","3","0","359.9375"
"6129","1","3","0","1","3","0","359.9375"
"6136","0","-1","0","0","-1","0","359.9375"
"6137","0","-1","0","0","-1","0","359.9375"
"6147","1","1","0","1","1","0","359.9375"
"6149","1","1","0","1","1","0","359.9375"
"6156","2","-1","0","2","-1","0","359.9375"
"6157","2","-1","0","2","-1","0","359.9375"
"6168","3","0","0","3","0","0","359.9375"
"6170","3","0","0","3","0","0","359.9375"
"6176","3","0","0","3","0","0","359.9375"
"6178","3","0","0","3","0","0","359.9375"
"6189","1","0","0","1","0","0","359.9375"
"6191","1","0","0","1","0","0","359.9375"
"6197","2","0","0","2","0","0","359.9375"
"6198","2","0","0","2","0","0","359.9375"
"6206","3","-2","0","3","-2","0","359.9375"
"6211","3","-2","0","3","-2","0","359.9375"
"6219","1","-1","0","1","-1","0","359.9375"
"6219","1","-1","0","1","-1","0","359.9375"
"6225","-2","1","0","-2","1","0","359.9375"
"6227","-2","1","0","-2","1","0","359.9375"
"6238","2","2","0","2","2","0","359.9375"
"6240","2","2","0","2","2","0","359.9375"
"6247","3","1","0","3","1","0","359.9375"
"6248","3","1","0","3","1","0","359.9375"
"6258","1","1","0","1","1","0","359.9375"
"6260","1","1","0","1","1","0","359.9375"
"6266","-3","1","0","-3","1","0","359.9375"
"6268","-3","1","0","-3","1","0","359.9375"
"6279","-3","0","0","-3","0","0","359.9375"
"6280","-3","0","0","-3","0","0","359.9375"
"6287","-1","0","0","-1","0","0","359.9375"
"6289","-1","0","0","-1","0","0","359.9375"
"6299","-1","2","0","-1","2","0","359.9375"
"6301","-1","2","0","-1","2","0","359.9375"
"6307","1","1","0","1","1","0","359.9375"
"6309","1","1","0","1","1","0","359.9375"
"6315","-1","1","0","-1","1","0","359.9375"
"6317","-1","1","0","-1","1","0","359.9375"
"6328","3","1","0","3","1","0","359.9375"
"6330","3","1","0","3","1","0","359.9375"
"6336","3","0","0","3","0","0","359.9375"
"6338","3","0","0","3","0","0","359.9375"
"6348","0","0","0","0","0","0","359.9375"
"6350","0","0","0","0","0","0","359.9375"
"6356","1","0","0","1","0","0","359.9375"
"6358","1","0","0","1","0","0","359.9375"
"6369","-1","1","0","-1","1","0","359.9375"
"6371","-1","1","0","-1","1","0","359.9375"
"6379","-1","1","0","-1","1","0","359.9375"
"6379","-1","1","0","-1","1","0","359.9375"
"6389","0","-2","0","0","-2","0","359.9375"
"6391","0","-2","0","0","-2","0","359.9375"
"6399","-2","2","0","-2","2","0","359.9375"
"6399","-2","2","0","-2","2","0","359.9375"
"6406","-3","2","0","-3","2","0","359.9375"
"6411","-3","2","0","-3","2","0","359.9375"
"6418","0","2","0","0","2","0","359.9375"
"6420","0","2","0","0","2","0","359.9375"
"6425","-1","0","0","-1","0","0","359.9375"
"6428","-1","0","0","-1","0","0","359.9375"
"6438","-1","0","0","-1","0","0","359.9375"
"6440","-1","0","0","-1","0","0","359.9375"
"6446","0","0","0","0","0","0","359.9375"
"6448","0","0","0","0","0","0","359.9375"
"6458","3","1","0","3","1","0","359.9375"
"6461","3","1","0","3","1","0","359.9375"
"6466","1","-1","0","1","-1","0","359.9375"
"6469","1","-1","0","1","-1","0","359.9375"
"6479","0","0","0","0","0","0","359.9375"
"6481","0","0","0","0","0","0","359.9375"
"6487","2","-1","0","2","-1","0","359.9375"
"6489","2","-1","0","2","-1","0","359.9375"
"6496","1","1","0","1","1","0","359.9375"
"6502","1","1","0","1","1","0","359.9375"
"6508","3","1","0","3","1","0","359.9375"
"6510","3","1","0","3","1","0","359.9375"
"6516","1","1","0","1","1","0","359.9375"
"6518","1","1","0","1","1","0","359.9375"
"6528","-1","0","0","-1","0","0","359.9375"
"6530","-1","0","0","-1","0","0","359.9375"
"6537","-1","0","0","-1","0","0","359.9375"
"6538","-1","0","0","-1","0","0","359.9375"
"6549","-2","1","0","-2","1","0","359.9375"
"6551","-2","1","0","-2","1","0","359.9375"
"6557","-1","-1","0","-1","-1","0","359.9375"
"6559","-1","-1","0","-1","-1","0","359.9375"
"6569","-1","-4","0","-1","-4","0","359.9375"
"6571","-1","-4","0","-1","-4","0","359.9375"
"6577","0","0","0","0","0","0","359.9375"
"6580","0","0","0","0","0","0","359.9375"
"6585","3","2","0","3","2","0","359.9375"
"6592","3","2","0","3","2","0","359.9375"
"6599","1","0","0","1","0","0","359.9375"
"6600","1","0","0","1","0","0","359.9375"
"6609","3","1","0","3","1","0","359.9375"
"6610","3","1","0","3","1","0","359.9375"
"6619","-1","1","0","-1","1","0","359.9375"
"6621","-1","1","0","-1","1","0","359.9375"
"6627","2","-1","0","2","-1","0","359.9375"
"6629","2","-1","0","2","-1","0","359.9375"
"6641","0","2","0","0","2","0","359.9375"
"6641","0","2","0","0","2","0","359.9375"
"6649","2","-2","0","2","-2","0","359.9375"
"6650","2","-2","0","2","-2","0","359.9375"
"6659","-1","0","0","-1","0","0","359.9375"
"6661","-1","0","0","-1","0","0","359.9375"
"6667","0","0","0","0","0","0","359.9375"
"6670","0","0","0","0","0","0","359.9375"
"6675","2","0","0","2","0","0","359.9375"
"6682","2","0","0","2","0","0","359.9375"
"6688","1","-1","0","1","-1","0","359.9375"
"6690","1","-1","0","1","-1","0","359.9375"
"6696","0","1","0","0","1","0","359.9375"
"6698","0","1","0","0","1","0","359.9375"
"6708","0","-1","0","0","-1","0","359.9375"
"6711","0","-1","0","0","-1","0","359.9375"
"6717","-2","-2","0","-2","-2","0","359.9375"
"6719","-2","-2","0","-2","-2","0","359.9375"
"6729","0","0","0","0","0","0","359.9375"
"6731","0","0","0","0","0","0","359.9375"
"6737","0","2","0","0","2","0","359.9375"
"6739","0","2","0","0","2","0","359.9375"
"6750","-1","-1","0","-1","-1","0","359.9375"
"6751","-1","-1","0","-1","-1","0","359.9375"
"6758","2","-3","0","2","-3","0","359.9375"
"6760","2","-3","0","2","-3","0","359.9375"
"6766","0","3","0","0","3","0","359.9375"
"6772","0","3","0","0","3","0","359.9375"
"6778","1","1","0","1","1","0","359.9375"
"6780","1","1","0","1","1","0","359.9375"
"6787","1","-3","0","1","-3","0","359.9375"
"6792","1","-3","0","1","-3","0","359.9375"
"6799","1","-3","0","1","-3","0","359.9375"
"6801","1","-3","0","1","-3","0","359.9375"
"6808","-2","2","0","-2","2","0","359.9375"
"6809","-2","2","0","-2","2","0","359.9375"
"6820","-1","0","0","-1","0","0","359.9375"
"6821","-1","0","0","-1","0","0","359.9375"
"6828","1","2","0","1","2","0","359.9375"
"6829","1","2","0","1","2","0","359.9375"
"6840","-3","-1","0","-3","-1","0","359.9375"
"6842","-3","-1","0","-3","-1","0","359.9375"
"6849","-4","0","0","-4","0","0","359.9375"
"6850","-4","0","0","-4","0","0","359.9375"
"6860","1","-2","0","1","-2","0","359.9375"
"6862","1","-2","0","1","-2","0","359.9375"
"6869","-2","-2","0","-2","-2","0","359.9375"
"6870","-2","-2","0","-2","-2","0","359.9375"
"6876","3","-1","0","3","-1","0","359.9375"
"6878","3","-1","0","3","-1","0","359.9375"
"6889","2","0","0","2","0","0","359.9375"
"6891","2","0","0","2","0","0","359.9375"
"6897","-2","1","0","-2","1","0","359.9375"
"6899","-2","1","0","-2","1","0","359.9375"
"6909","-2","-1","0","-2","-1","0","359.9375"
"6911","-2","-1","0","-2","-1","0","359.9375"
"6917","-3","-1","0","-3","-1","0","359.9375"
"6919","-3","-1","0","-3","-1","0","359.9375"
"6930","-1","-1","0","-1","-1","0","359.9375"
"6932","-1","-1","0","-1","-1","0","359.9375"
"6938","-2","3","0","-2","3","0","359.9375"
"6940","-2","3","0","-2","3","0","359.9375"
"6950","-2","0","0","-2","0","0","359.9375"
"6952","-2","0","0","-2","0","0","359.9375"
"6958","3","-1","0","3","-1","0","359.9375"
"6960","3","-1","0","3","-1","0","359.9375"
"6967","2","1","0","2","1","0","359.9375"
"6973","2","1","0","2","1","0","359.9375"
"6979","0","0","0","0","0","0","359.9375"
"6981","0","0","0","0","0","0","359.9375"
"6987","-2","1","0","-2","1","0","359.9375"
"6989","-2","1","0","-2","1","0","359.9375"
"7000","-1","0","0","-1","0","0","359.9375"
"7001","-1","0","0","-1","0","0","359.9375"
"7009","0","-1","0","0","-1","0","359.9375"
"7009","0","-1","0","0","-1","0","359.9375"
"7020","-2","0","0","-2","0","0","359.9375"
"7022","-2","0","0","-2","0","0","359.9375"
"7028","-3","1","0","-3","1","0","359.9375"
"7030","-3","1","0","-3","1","0","359.9375"
"7040","0","0","0","0","0","0","359.9375"
"7042","0","0","0","0","0","0","359.9375"
"7049","-1","-1","0","-1","-1","0","359.9375"
"7050","-1","-1","0","-1","-1","0","359.9375"
"7056","2","0","0","2","0","0","359.9375"
"7063","2","0","0","2","0","0","359.9375"
"7069","4","-1","0","4","-1","0","359.9375"
"7071","4","-1","0","4","-1","0","359.9375"
"7076","0","-1","0","0","-1","0","359.9375"
"7079","0","-1","0","0","-1","0","359.9375"
"7089","-3","1","0","-3","1","0","359.9375"
"7092","-3","1","0","-3","1","0","359.9375"
"7098","2","1","0","2","1","0","359.9375"
"7100","2","1","0","2","1","0","359.9375"
"7110","1","-1","0","1","-1","0","359.9375"
"7112","1","-1","0","1","-1","0","359.9375"
"7119","-1","-1","0","-1","-1","0","359.9375"
"7120","-1","-1","0","-1","-1","0","359.9375"
"7130","0","0","0","0","0","0","359.9375"
"7132","0","0","0","0","0","0","359.9375"
"7138","-1","0","0","-1","0","0","359.9375"
"7141","-1","0","0","-1","0","0","359.9375"
"7151","-1","1","0","-1","1","0","359.9375"
"7153","-1","1","0","-1","1","0","359.9375"
"7159","-1","1","0","-1","1","0","359.9375"
"7161","-1","1","0","-1","1","0","359.9375"
"7167","1","-1","0","1","-1","0","359.9375"
"7169","1","-1","0","1","-1","0","359.9375"
"7180","-1","-1","0","-1","-1","0","359.9375"
"7182","-1","-1","0","-1","-1","0","359.9375"
"7188","-4","-3","0","-4","-3","0","359.9375"
"7190","-4","-3","0","-4","-3","0","359.9375"
"7200","-1","1","0","-1","1","0","359.9375"
"7202","-1","1","0","-1","1","0","359.9375"
"7209","1","0","0","1","0","0","359.9375"
"7210","1","0","0","1","0","0","359.9375"
"7221","0","-3","0","0","-3","0","359.9375"
"7223","0","-3","0","0","-3","0","359.9375"
"7229","-2","1","0","-2","1","0","359.9375"
"7231","-2","1","0","-2","1","0","359.9375"
"7242","1","-1","0","1","-1","0","359.9375"
"7243","1","-1","0","1","-1","0","359.9375"
"7250","1","0","0","1","0","0","359.9375"
"7251","1","0","0","1","0","0","359.9375"
"7257","1","0","0","1","0","0","359.9375"
"7259","1","0","0","1","0","0","359.9375"
"7270","0","-1","0","0","-1","0","359.9375"
"7272","0","-1","0","0","-1","0","359.9375"
"7278","-3","0","0","-3","0","0","359.9375"
"7280","-3","0","0","-3","0","0","359.9375"
"7290","1","-2","0","1","-2","0","359.9375"
"7292","1","-2","0","1","-2","0","359.9375"
"7299","-1","1","0","-1","1","0","359.9375"
"7300","-1","1","0","-1","1","0","359.9375"
"7311","-1","1","0","-1","1","0","359.9375"
"7313","-1","1","0","-1","1","0","359.9375"
"7319","-3","2","0","-3","2","0","359.9375"
"7321","-3","2","0","-3","2","0","359.9375"
"7331","0","1","0","0","1","0","359.9375"
"7333","0","1","0","0","1","0","359.9375"
"7339","2","0","0","2","0","0","359.9375"
"7341","2","0","0","2","0","0","359.9375"
"7352","-1","-1","0","-1","-1","0","359.9375"
"7352","-1","-1","0","-1","-1","0","359.9375"
"7358","-1","-1","0","-1","-1","0","359.9375"
"7362","-1","-1","0","-1","-1","0","359.9375"
"7368","-2","0","0","-2","0","0","359.9375"
"7370","-2","0","0","-2","0","0","359.9375"
"7380","1","1","0","1","1","0","359.9375"
"7382","1","1","0","1","1","0","359.9375"
"7389","2","2","0","2","2","0","359.9375"
"7390","2","2","0","2","2","0","359.9375"
"7400","0","1","0","0","1","0","359.9375"
"7403","0","1","0","0","1","0","359.9375"
"7409","0","1","0","0","1","0","359.9375"
"7411","0","1","0","0","1","0","359.9375"
"7423","1","0","0","1","0","0","359.9375"
"7423","1","0","0","1","0","0","359.9375"
"7430","0","0","0","0","0","0","359.9375"
"7431","0","0","0","0","0","0","359.9375"
"7443","1","1","0","1","1","0","359.9375"
"7444","1","1","0","1","1","0","359.9375"
"7466","1","-1","0","1","-1","0","359.9375"
"7466","1","-1","0","1","-1","0","359.9375"
"7474","1","-1","0","1","-1","0","359.9375"
"7474","1","-1","0","1","-1","0","359.9375"
"7480","0","2","0","0","2","0","359.9375"
"7480","0","2","0","0","2","0","359.9375"
"7486","1","1","0","1","1","0","359.9375"
"7486","1","1","0","1","1","0","359.9375"
"7492","3","-1","0","3","-1","0","359.9375"
"7493","3","-1","0","3","-1","0","359.9375"
"7498","3","-1","0","3","-1","0","359.9375"
"7501","3","-1","0","3","-1","0","359.9375"
"7506","0","-1","0","0","-1","0","359.9375"
"7513","0","-1","0","0","-1","0","359.9375"
"7519","3","-1","0","3","-1","0","359.9375"
"7522","3","-1","0","3","-1","0","359.9375"
"7531","1","1","0","1","1","0","359.9375"
"7534","1","1","0","1","1","0","359.9375"
"7539","1","1","0","1","1","0","359.9375"
"7542","1","1","0","1","1","0","359.9375"
"7548","-2","0","0","-2","0","0","359.9375"
"7550","-2","0","0","-2","0","0","359.9375"
"7556","1","0","0","1","0","0","359.9375"
"7562","1","0","0","1","0","0","359.9375"
"7569","2","-1","0","2","-1","0","359.9375"
"7571","2","-1","0","2","-1","0","359.9375"
"7581","3","0","0","3","0","0","359.9375"
"7583","3","0","0","3","0","0","359.9375"
"7589","-1","-1","0","-1","-1","0","359.9375"
"7591","-1","-1","0","-1","-1","0","359.9375"
"7602","0","-1","0","0","-1","0","359.9375"
"7602","0","-1","0","0","-1","0","359.9375"
"7610","-1","-2","0","-1","-2","0","359.9375"
"7612","-1","-2","0","-1","-2","0","359.9375"
"7618","1","2","0","1","2","0","359.9375"
"7624","1","2","0","1","2","0","359.9375"
"7630","2","-1","0","2","-1","0","359.9375"
"7632","2","-1","0","2","-1","0","359.9375"
"7639","1","1","0","1","1","0","359.9375"
"7644","1","1","0","1","1","0","359.9375"
"7651","-1","0","0","-1","0","0","359.9375"
"7651","-1","0","0","-1","0","0","359.9375"
"7661","0","-1","0","0","-1","0","359.9375"
"7662","0","-1","0","0","-1","0","359.9375"
"7672","3","0","0","3","0","0","359.9375"
"7673","3","0","0","3","0","0","359.9375"
"7679","1","2","0","1","2","0","359.9375"
"7681","1","2","0","1","2","0","359.9375"
"7694","0","0","0","0","0","0","359.9375"
"7694","0","0","0","0","0","0","359.9375"
"7701","1","0","0","1","0","0","359.9375"
"7702","1","0","0","1","0","0","359.9375"
"7707","2","-2","0","2","-2","0","359.9375"
"7714","2","-2","0","2","-2","0","359.9375"
"7720","2","-3","0","2","-3","0","359.9375"
"7722","2","-3","0","2","-3","0","359.9375"
"7728","3","-1","0","3","-1","0","359.9375"
"7734","3","-1","0","3","-1","0","359.9375"
"7740","-1","1","0","-1","1","0","359.9375"
"7743","-1","1","0","-1","1","0","359.9375"
"7748","0","2","0","0","2","0","359.9375"
"7751","0","2","0","0","2","0","359.9375"
"7756","2","-1","0","2","-1","0","359.9375"
"7763","2","-1","0","2","-1","0","359.9375"
"7769","1","1","0","1","1","0","359.9375"
"7771","1","1","0","1","1","0","359.9375"
"7780","0","2","0","0","2","0","359.9375"
"7784","0","2","0","0","2","0","359.9375"
"7790","3","2","0","3","2","0","359.9375"
"7792","3","2","0","3","2","0","359.9375"
"7802","0","-1","0","0","-1","0","359.9375"
"7802","0","-1","0","0","-1","0","359.9375"
"7808","-1","1","0","-1","1","0","359.9375"
"7812","-1","1","0","-1","1","0","359.9375"
"7819","1","0","0","1","0","0","359.9375"
"7825","1","0","0","1","0","0","359.9375"
"7831","1","0","0","1","0","0","359.9375"
"7833","1","0","0","1","0","0","359.9375"
"7839","1","-2","0","1","-2","0","359.9375"
"7845","1","-2","0","1","-2","0","359.9375"
"7852","1","0","0","1","0","0","359.9375"
"7852","1","0","0","1","0","0","359.9375"
"7859","0","-1","0","0","-1","0","359.9375"
"7861","0","-1","0","0","-1","0","359.9375"
"7873","0","1","0","0","1","0","359.9375"
"7874","0","1","0","0","1","0","359.9375"
"7880","-2","-1","0","-2","-1","0","359.9375"
"7882","-2","-1","0","-2","-1","0","359.9375"
"7892","0","0","0","0","0","0","359.9375"
"7894","0","0","0","0","0","0","359.9375"
"7900","0","-2","0","0","-2","0","359.9375"
"7902","0","-2","0","0","-2","0","359.9375"
"7909","5","0","0","5","0","0","359.9375"
"7915","5","0","0","5","0","0","359.9375"
"7921","3","-1","0","3","-1","0","359.9375"
"7923","3","-1","0","3","-1","0","359.9375"
"7929","0","-1","0","0","-1","0","359.9375"
"7931","0","-1","0","0","-1","0","359.9375"
"7942","1","0","0","1","0","0","359.9375"
"7944","1","0","0","1","0","0","359.9375"
"7950","1","0","0","1","0","0","359.9375"
"7952","1","0","0","1","0","0","359.9375"
"7958","-2","4","0","-2","4","0","359.9375"
"7964","-2","4","0","-2","4","0","359.9375"
"7971","-1","4","0","-1","4","0","359.9375"
"7972","-1","4","0","-1","4","0","359.9375"
"7982","-1","3","0","-1","3","0","359.9375"
"7985","-1","3","0","-1","3","0","359.9375"
"7991","-2","1","0","-2","1","0","359.9375"
"7993","-2","1","0","-2","1","0","359.9375"
"8003","0","-1","0","0","-1","0","359.9375"
"8003","0","-1","0","0","-1","0","359.9375"
"8009","0","-2","0","0","-2","0","359.9375"
"8013","0","-2","0","0","-2","0","359.9375"
"8020","-2","-1","0","-2","-1","0","359.9375"
"8021","-2","-1","0","-2","-1","0","359.9375"
"8032","0","0","0","0","0","0","359.9375"
"8034","0","0","0","0","0","0","359.9375"
"8040","2","3","0","2","3","0","359.9375"
"8042","2","3","0","2","3","0","359.9375"
"8053","2","1","0","2","1","0","359.9375"
"8053","2","1","0","2","1","0","359.9375"
"8060","-1","2","0","-1","2","0","359.9375"
"8062","-1","2","0","-1","2","0","359.9375"
"8075","1","2","0","1","2","0","359.9375"
"8075","1","2","0","1","2","0","359.9375"
"8082","0","1","0","0","1","0","359.9375"
"8083","0","1","0","0","1","0","359.9375"
"8093","-2","-1","0","-2","-1","0","359.9375"
"8095","-2","-1","0","-2","-1","0","359.9375"
"8102","-4","1","0","-4","1","0","359.9375"
"8102","-4","1","0","-4","1","0","359.9375"
"8109","-1","1","0","-1","1","0","359.9375"
"8115","-1","1","0","-1","1","0","359.9375"
"8122","0","-1","0","0","-1","0","359.9375"
"8124","0","-1","0","0","-1","0","359.9375"
"8130","-1","1","0","-1","1","0","359.9375"
"8132","-1","1","0","-1","1","0","359.9375"
"8142","-1","0","0","-1","0","0","359.9375"
"8144","-1","0","0","-1","0","0","359.9375"
"8150","1","0","0","1","0","0","359.9375"
"8152","1","0","0","1","0","0","359.9375"
"8159","-3","-2","0","-3","-2","0","359.9375"
"8165","-3","-2","0","-3","-2","0","359.9375"
"8171","-2","-1","0","-2","-1","0","359.9375"
"8173","-2","-1","0","-2","-1","0","359.9375"
"8183","0","1","0","0","1","0","359.9375"
"8185","0","1","0","0","1","0","359.9375"
"8191","-2","1","0","-2","1","0","359.9375"
"8195","-2","1","0","-2","1","0","359.9375"
"8204","-1","0","0","-1","0","0","359.9375"
"8204","-1","0","0","-1","0","0","359.9375"
"8210","-1","-1","0","-1","-1","0","359.9375"
"8214","-1","-1","0","-1","-1","0","359.9375"
"8221","-2","-2","0","-2","-2","0","359.9375"
"8222","-2","-2","0","-2","-2","0","359.9375"
"8232","1","0","0","1","0","0","359.9375"
"8234","1","0","0","1","0","0","359.9375"
"8240","2","1","0","2","1","0","359.9375"
"8242","2","1","0","2","1","0","359.9375"
"8254","-1","0","0","-1","0","0","359.9375"
"8254","-1","0","0","-1","0","0","359.9375"
"8261","1","-3","0","1","-3","0","359.9375"
"8263","1","-3","0","1","-3","0","359.9375"
"8274","1","0","0","1","0","0","359.9375"
"8275","1","0","0","1","0","0","359.9375"
"8282","0","2","0","0","2","0","359.9375"
"8283","0","2","0","0","2","0","359.9375"
"8294","-2","2","0","-2","2","0","359.9375"
"8296","-2","2","0","-2","2","0","359.9375"
"8303","-1","-1","0","-1","-1","0","359.9375"
"8303","-1","-1","0","-1","-1","0","359.9375"
"8310","2","-2","0","2","-2","0","359.9375"
"8312","2","-2","0","2","-2","0","359.9375"
"8322","2","0","0","2","0","0","359.9375"
"8324","2","0","0","2","0","0","359.9375"
"8330","1","-1","0","1","-1","0","359.9375"
"8333","1","-1","0","1","-1","0","359.9375"
"8343","1","0","0","1","0","0","359.9375"
"8345","1","0","0","1","0","0","359.9375"
"8352","0","1","0","0","1","0","359.9375"
"8353","0","1","0","0","1","0","359.9375"
"8359","4","0","0","4","0","0","359.9375"
"8365","4","0","0","4","0","0","359.9375"
"8372","-1","1","0","-1","1","0","359.9375"
"8374","-1","1","0","-1","1","0","359.9375"
"8384","0","0","0","0","0","0","359.9375"
"8386","0","0","0","0","0","0","359.9375"
"8392","1","-1","0","1","-1","0","359.9375"
"8394","1","-1","0","1","-1","0","359.9375"
"8400","3","-1","0","3","-1","0","359.9375"
"8402","3","-1","0","3","-1","0","359.9375"
"8409","-2","1","0","-2","1","0","359.9375"
"8414","-2","1","0","-2","1","0","359.9375"
"8421","-2","1","0","-2","1","0","359.9375"
"8423","-2","1","0","-2","1","0","359.9375"
"8433","-2","1","0","-2","1","0","359.9375"
"8435","-2","1","0","-2","1","0","359.9375"
"8441","2","-1","0","2","-1","0","359.9375"
"8443","2","-1","0","2","-1","0","359.9375"
"8454","0","0","0","0","0","0","359.9375"
"8454","0","0","0","0","0","0","359.9375"
"8462","1","1","0","1","1","0","359.9375"
"8464","1","1","0","1","1","0","359.9375"
"8476","-2","0","0","-2","0","0","359.9375"
"8476","-2","0","0","-2","0","0","359.9375"
"8482","-2","-1","0","-2","-1","0","359.9375"
"8484","-2","-1","0","-2","-1","0","359.9375"
"8490","0","0","0","0","0","0","359.9375"
"8496","0","0","0","0","0","0","359.9375"
"8503","0","-2","0","0","-2","0","359.9375"
"8503","0","-2","0","0","-2","0","359.9375"
"8510","0","-1","0","0","-1","0","359.9375"
"8513","0","-1","0","0","-1","0","359.9375"
"8523","2","0","0","2","0","0","359.9375"
"8525","2","0","0","2","0","0","359.9375"
"8532","-2","-1","0","-2","-1","0","359.9375"
"8533","-2","-1","0","-2","-1","0","359.9375"
"8543","-1","2","0","-1","2","0","359.9375"
"8546","-1","2","0","-1","2","0","359.9375"
"8552","0","-2","0","0","-2","0","359.9375"
"8554","0","-2","0","0","-2","0","359.9375"
"8560","1","-2","0","1","-2","0","359.9375"
"8566","1","-2","0","1","-2","0","359.9375"
"8572","2","-2","0","2","-2","0","359.9375"
"8574","2","-2","0","2","-2","0","359.9375"
"8581","3","3","0","3","3","0","359.9375"
"8582","3","3","0","3","3","0","359.9375"
"8593","1","1","0","1","1","0","359.9375"
"8595","1","1","0","1","1","0","359.9375"
"8601","0","2","0","0","2","0","359.9375"
"8603","0","2","0","0","2","0","359.9375"
"8609","0","1","0","0","1","0","359.9375"
"8615","0","1","0","0","1","0","359.9375"
"8622","0","2","0","0","2","0","359.9375"
"8623","0","2","0","0","2","0","359.9375"
"8634","-3","-1","0","-3","-1","0","359.9375"
"8636","-3","-1","0","-3","-1","0","359.9375"
"8642","-2","-1","0","-2","-1","0","359.9375"
"8644","-2","-1","0","-2","-1","0","359.9375"
"8654","1","1","0","1","1","0","359.9375"
"8654","1","1","0","1","1","0","359.9375"
"8660","0","-2","0","0","-2","0","359.9375"
"8665","0","-2","0","0","-2","0","359.9375"
"8672","-3","-1","0","-3","-1","0","359.9375"
"8673","-3","-1","0","-3","-1","0","359.9375"
"8685","0","0","0","0","0","0","359.9375"
"8685","0","0","0","0","0","0","359.9375"
"8691","0","0","0","0","0","0","359.9375"
"8693","0","0","0","0","0","0","359.9375"
"8704","-2","0","0","-2","0","0","359.9375"
"8704","-2","0","0","-2","0","0","359.9375"
"8711","0","0","0","0","0","0","359.9375"
"8713","0","0","0","0","0","0","359.9375"
"8724","-2","-1","0","-2","-1","0","359.9375"
"8724","-2","-1","0","-2","-1","0","359.9375"
"8733","-1","0","0","-1","0","0","359.9375"
"8734","-1","0","0","-1","0","0","359.9375"
"8740","-2","0","0","-2","0","0","359.9375"
"8742","-2","0","0","-2","0","0","359.9375"
"8753","-3","2","0","-3","2","0","359.9375"
"8753","-3","2","0","-3","2","0","359.9375"
"8759","0","-1","0","0","-1","0","359.9375"
"8763","0","-1","0","0","-1","0","359.9375"
"8773","-2","0","0","-2","0","0","359.9375"
"8775","-2","0","0","-2","0","0","359.9375"
"8781","-1","0","0","-1","0","0","359.9375"
"8783","-1","0","0","-1","0","0","359.9375"
"8790","1","0","0","1","0","0","359.9375"
"8791","1","0","0","1","0","0","359.9375"
"8802","0","2","0","0","2","0","359.9375"
"8802","0","2","0","0","2","0","359.9375"
"8809","-3","-1","0","-3","-1","0","359.9375"
"8812","-3","-1","0","-3","-1","0","359.9375"
"8818","1","-1","0","1","-1","0","359.9375"
"8820","1","-1","0","1","-1","0","359.9375"
"8830","-4","-1","0","-4","-1","0","359.9375"
"8832","-4","-1","0","-4","-1","0","359.9375"
"8839","-2","-1","0","-2","-1","0","359.9375"
"8840","-2","-1","0","-2","-1","0","359.9375"
"8851","-2","1","0","-2","1","0","359.9375"
"8851","-2","1","0","-2","1","0","359.9375"
"8859","-2","2","0","-2","2","0","359.9375"
"8861","-2","2","0","-2","2","0","359.9375"
"8867","0","-1","0","0","-1","0","359.9375"
"8869","0","-1","0","0","-1","0","359.9375"
"8881","2","3","0","2","3","0","359.9375"
"8882","2","3","0","2","3","0","359.9375"
"8889","2","3","0","2","3","0","359.9375"
"8890","2","3","0","2","3","0","359.9375"
"8896","-1","-1","0","-1","-1","0","359.9375"
"8898","-1","-1","0","-1","-1","0","359.9375"
"8908","-1","-1","0","-1","-1","0","359.9375"
"8910","-1","-1","0","-1","-1","0","359.9375"
"8916","2","-1","0","2","-1","0","359.9375"
"8918","2","-1","0","2","-1","0","359.9375"
"8928","1","-2","0","1","-2","0","359.9375"
"8935","1","-2","0","1","-2","0","359.9375"
"8940","-1","0","0","-1","0","0","359.9375"
"8943","-1","0","0","-1","0","0","359.9375"
"8949","0","0","0","0","0","0","359.9375"
"8951","0","0","0","0","0","0","359.9375"
"8957","-1","-1","0","-1","-1","0","359.9375"
"8959","-1","-1","0","-1","-1","0","359.9375"
"8965","-1","1","0","-1","1","0","359.9375"
"8968","-1","1","0","-1","1","0","359.9375"
"8977","1","-3","0","1","-3","0","359.9375"
"8980","1","-3","0","1","-3","0","359.9375"
"8987","0","0","0","0","0","0","359.9375"
"8988","0","0","0","0","0","0","359.9375"
"8997","5","1","0","5","1","0","359.9375"
"9000","5","1","0","5","1","0","359.9375"
"9006","0","1","0","0","1","0","359.9375"
"9009","0","1","0","0","1","0","359.9375"
"9019","-3","4","0","-3","4","0","359.9375"
"9021","-3","4","0","-3","4","0","359.9375"
"9027","0","1","0","0","1","0","359.9375"
"9029","0","1","0","0","1","0","359.9375"
"9035","1","-1","0","1","-1","0","359.9375"
"9041","1","-1","0","1","-1","0","359.9375"
"9048","2","-1","0","2","-1","0","359.9375"
"9049","2","-1","0","2","-1","0","359.9375"
"9056","-1","-2","0","-1","-2","0","359.9375"
"9057","-1","-2","0","-1","-2","0","359.9375"
"9068","2","0","0","2","0","0","359.9375"
"9070","2","0","0","2","0","0","359.9375"
"9077","3","-1","0","3","-1","0","359.9375"
"9078","3","-1","0","3","-1","0","359.9375"
"9088","5","-1","0","5","-1","0","359.9375"
"9090","5","-1","0","5","-1","0","359.9375"
"9098","-1","1","0","-1","1","0","359.9375"
"9099","-1","1","0","-1","1","0","359.9375"
"9110","3","-3","0","3","-3","0","359.9375"
"9111","3","-3","0","3","-3","0","359.9375"
"9117","1","0","0","1","0","0","359.9375"
"9119","1","0","0","1","0","0","359.9375"
"9126","0","0","0","0","0","0","359.9375"
"9131","0","0","0","0","0","0","359.9375"
"9138","1","1","0","1","1","0","359.9375"
"9140","1","1","0","1","1","0","359.9375"
"9146","-1","1","0","-1","1","0","359.9375"
"9148","-1","1","0","-1","1","0","359.9375"
"9158","4","0","0","4","0","0","359.9375"
"9160","4","0","0","4","0","0","359.9375"
"9166","3","1","0","3","1","0","359.9375"
"9168","3","1","0","3","1","0","359.9375"
"9178","0","0","0","0","0","0","359.9375"
"9181","0","0","0","0","0","0","359.9375"
"9187","0","0","0","0","0","0","359.9375"
"9189","0","0","0","0","0","0","359.9375"
"9199","-3","1","0","-3","1","0","359.9375"
"9201","-3","1","0","-3","1","0","359.9375"
"9208","-1","0","0","-1","0","0","359.9375"
"9209","-1","0","0","-1","0","0","359.9375"
"9220","-2","-3","0","-2","-3","0","359.9375"
"9221","-2","-3","0","-2","-3","0","359.9375"
"9227","2","1","0","2","1","0","359.9375"
"9230","2","1","0","2","1","0","359.9375"
"9236","2","1","0","2","1","0","359.9375"
"9238","2","1","0","2","1","0","359.9375"
"9248","-1","3","0","-1","3","0","359.9375"
"9250","-1","3","0","-1","3","0","359.9375"
"9256","3","2","0","3","2","0","359.9375"
"9258","3","2","0","3","2","0","359.9375"
"9269","3","0","0","3","0","0","359.9375"
"9271","3","0","0","3","0","0","359.9375"
"9277","0","-1","0","0","-1","0","359.9375"
"9279","0","-1","0","0","-1","0","359.9375"
"9289","-1","0","0","-1","0","0","359.9375"
"9291","-1","0","0","-1","0","0","359.9375"
"9299","0","1","0","0","1","0","359.9375"
"9299","0","1","0","0","1","0","359.9375"
"9305","0","-1","0","0","-1","0","359.9375"
"9312","0","-1","0","0","-1","0","359.9375"
"9320","4","-3","0","4","-3","0","359.9375"
"9320","4","-3","0","4","-3","0","359.9375"
"9327","2","0","0","2","0","0","359.9375"
"9328","2","0","0","2","0","0","359.9375"
"9338","2","0","0","2","0","0","359.9375"
"9340","2","0","0","2","0","0","359.9375"
"9347","-2","-2","0","-2","-2","0","359.9375"
"9348","-2","-2","0","-2","-2","0","359.9375"
"9359","0","-1","0","0","-1","0","359.9375"
"9361","0","-1","0","0","-1","0","359.9375"
"9367","-2","0","0","-2","0","0","359.9375"
"9369","-2","0","0","-2","0","0","359.9375"
"9379","-1","0","0","-1","0","0","359.9375"
"9381","-1","0","0","-1","0","0","359.9375"
"9388","1","1","0","1","1","0","359.9375"
"9389","1","1","0","1","1","0","359.9375"
"9396","3","2","0","3","2","0","359.9375"
"9397","3","2","0","3","2","0","359.9375"
"9408","3","2","0","3","2","0","359.9375"
"9410","3","2","0","3","2","0","359.9375"
"9416","1","-1","0","1","-1","0","359.9375"
"9418","1","-1","0","1","-1","0","359.9375"
"9428","1","1","0","1","1","0","359.9375"
"9430","1","1","0","1","1","0","359.9375"
"9437","1","-4","0","1","-4","0","359.9375"
"9438","1","-4","0","1","-4","0","359.9375"
"9449","-1","1","0","-1","1","0","359.9375"
"9451","-1","1","0","-1","1","0","359.9375"
"9457","0","2","0","0","2","0","359.9375"
"9459","0","2","0","0","2","0","359.9375"
"9466","0","1","0","0","1","0","359.9375"
"9471","0","1","0","0","1","0","359.9375"
"9478","1","1","0","1","1","0","359.9375"
"9479","1","1","0","1","1","0","359.9375"
"9486","-1","-1","0","-1","-1","0","359.9375"
"9488","-1","-1","0","-1","-1","0","359.9375"
"9500","-1","0","0","-1","0","0","359.9375"
"9500","-1","0","0","-1","0","0","359.9375"
"9507","-1","1","0","-1","1","0","359.9375"
"9508","-1","1","0","-1","1","0","359.9375"
"9519","2","2","0","2","2","0","359.9375"
"9520","2","2","0","2","2","0","359.9375"
"9527","0","1","0","0","1","0","359.9375"
"9529","0","1","0","0","1","0","359.9375"
"9539","-1","0","0","-1","0","0","359.9375"
"9541","-1","0","0","-1","0","0","359.9375"
"9547","-2","1","0","-2","1","0","359.9375"
"9549","-2","1","0","-2","1","0","359.9375"
"9555","0","0","0","0","0","0","359.9375"
"9561","0","0","0","0","0","0","359.9375"
"9568","2","0","0","2","0","0","359.9375"
"9570","2","0","0","2","0","0","359.9375"
"9575","0","-1","0","0","-1","0","359.9375"
"9578","0","-1","0","0","-1","0","359.9375"
"9588","2","1","0","2","1","0","359.9375"
"9590","2","1","0","2","1","0","359.9375"
"9596","-1","2","0","-1","2","0","359.9375"
"9598","-1","2","0","-1","2","0","359.9375"
"9608","-2","-1","0","-2","-1","0","359.9375"
"9611","-2","-1","0","-2","-1","0","359.9375"
"9616","-2","0","0","-2","0","0","359.9375"
"9619","-2","0","0","-2","0","0","359.9375"
"9628","1","0","0","1","0","0","359.9375"
"9631","1","0","0","1","0","0","359.9375"
"9637","0","-2","0","0","-2","0","359.9375"
"9639","0","-2","0","0","-2","0","359.9375"
"9645","0","1","0","0","1","0","359.9375"
"9651","0","1","0","0","1","0","359.9375"
"9658","-1","0","0","-1","0","0","359.9375"
"9660","-1","0","0","-1","0","0","359.9375"
"9666","-4","3","0","-4","3","0","359.9375"
"9668","-4","3","0","-4","3","0","359.9375"
"9678","2","0","0","2","0","0","359.9375"
"9680","2","0","0","2","0","0","359.9375"
"9687","1","-2","0","1","-2","0","359.9375"
"9688","1","-2","0","1","-2","0","359.9375"
"9700","-1","-1","0","-1","-1","0","359.9375"
"9701","-1","-1","0","-1","-1","0","359.9375"
"9707","-2","0","0","-2","0","0","359.9375"
"9709","-2","0","0","-2","0","0","359.9375"
"9721","1","0","0","1","0","0","359.9375"
"9721","1","0","0","1","0","0","359.9375"
"9727","1","1","0","1","1","0","359.9375"
"9729","1","1","0","1","1","0","359.9375"
"9737","0","1","0","0","1","0","359.9375"
"9742","0","1","0","0","1","0","359.9375"
"9748","-2","2","0","-2","2","0","359.9375"
"9750","-2","2","0","-2","2","0","359.9375"
"9757","1","-1","0","1","-1","0","359.9375"
"9758","1","-1","0","1","-1","0","359.9375"
"9769","-1","1","0","-1","1","0","359.9375"
"9770","-1","1","0","-1","1","0","359.9375"
"9777","2","2","0","2","2","0","359.9375"
"9779","2","2","0","2","2","0","359.9375"
"9789","0","2","0","0","2","0","359.9375"
"9791","0","2","0","0","2","0","359.9375"
"9797","-2","4","0","-2","4","0","359.9375"
"9799","-2","4","0","-2","4","0","359.9375"
"9809","-3","-2","0","-3","-2","0","359.9375"
"9811","-3","-2","0","-3","-2","0","359.9375"
"9818","-1","0","0","-1","0","0","359.9375"
"9820","-1","0","0","-1","0","0","359.9375"
"9826","2","3","0","2","3","0","359.9375"
"9828","2","3","0","2","3","0","359.9375"
"9837","0","0","0","0","0","0","359.9375"
"9840","0","0","0","0","0","0","359.9375"
"9847","-1","1","0","-1","1","0","359.9375"
"9848","-1","1","0","-1","1","0","359.9375"
"9858","-4","1","0","-4","1","0","359.9375"
"9860","-4","1","0","-4","1","0","359.9375"
"9867","-5","2","0","-5","2","0","359.9375"
"9869","-5","2","0","-5","2","0","359.9375"
"9879","1","-1","0","1","-1","0","359.9375"
"9881","1","-1","0","1","-1","0","359.9375"
"9887","2","-1","0","2","-1","0","359.9375"
"9889","2","-1","0","2","-1","0","359.9375"
"9899","-1","0","0","-1","0","0","359.9375"
"9901","-1","0","0","-1","0","0","359.9375"
"9909","3","-2","0","3","-2","0","359.9375"
"9910","3","-2","0","3","-2","0","359.9375"
"9916","4","1","0","4","1","0","359.9375"
"9922","4","1","0","4","1","0","359.9375"
"9929","3","-2","0","3","-2","0","359.9375"
"9930","3","-2","0","3","-2","0","359.9375"
"9937","4","-3","0","4","-3","0","359.9375"
"9938","4","-3","0","4","-3","0","359.9375"
"9949","1","-1","0","1","-1","0","359.9375"
"9951","1","-1","0","1","-1","0","359.9375"
"9956","1","-3","0","1","-3","0","359.9375"
"9959","1","-3","0","1","-3","0","359.9375"
"9969","5","-2","0","5","-2","0","359.9375"
"9971","5","-2","0","5","-2","0","359.9375"
"9977","5","0","0","5","0","0","359.9375"
"9979","5","0","0","5","0","0","359.9375"
"9986","-1","0","0","-1","0","0","359.9375"
"9991","-1","0","0","-1","0","0","359.9375"
"9998","-2","-3","0","-2","-3","0","359.9375"
"10000","-2","-3","0","-2","-3","0","359.9375"
"10003","0","0","0","0","0","0","359.9375"
