Timer,AX,AY,AZ,GX,GY,GZ
"1002","0","2","-30","0","0","0"
"1010","-1","2","-30","0","0","0"
"1010","-1","2","-30","0","-1","-2"
"1018","0","0","-32","0","-1","-2"
"1018","0","0","-32","-1","0","-1"
"1030","-1","1","-30","-1","0","-1"
"1031","-1","1","-30","-2","1","0"
"1039","-2","3","-29","-2","1","0"
"1039","-2","3","-29","0","-2","-1"
"1051","-1","3","-26","0","-2","-1"
"1051","-1","3","-26","2","0","1"
"1059","-4","2","-28","2","0","1"
"1059","-4","2","-28","-1","2","1"
"1067","-2","1","-30","-1","2","1"
"1071","-2","1","-30","-4","2","0"
"1080","-2","2","-29","-4","2","0"
"1080","-2","2","-29","1","-2","0"
"1088","-1","1","-27","1","-2","0"
"1092","-1","1","-27","2","1","-1"
"1100","0","0","-29","2","1","-1"
"1100","0","0","-29","0","0","0"
"1108","0","2","-27","0","0","0"
"1109","0","2","-27","2","-1","-1"
"1121","0","2","-31","2","-1","-1"
"1121","0","2","-31","-2","0","0"
"1129","-1","1","-31","-2","0","0"
"1129","-1","1","-31","1","0","1"
"1137","-2","0","-30","1","0","1"
"1141","-2","0","-30","-2","-1","1"
"1149","0","1","-29","-2","-1","1"
"1149","0","1","-29","-1","-1","1"
"1158","0","1","-28","-1","-1","1"
"1161","0","1","-28","-1","-2","1"
"1170","0","1","-30","-1","-2","1"
"1170","0","1","-30","-3","1","1"
"1178","-1","1","-27","-3","1","1"
"1178","-1","1","-27","0","0","1"
"1190","0","2","-26","0","0","1"
"1190","0","2","-26","1","-3","-1"
"1199","-3","2","-30","1","-3","-1"
"1199","-3","2","-30","-3","1","2"
"1211","-1","2","-33","-3","1","2"
"1211","-1","2","-33","-2","1","1"
"1219","-3","1","-31","-2","1","1"
"1219","-3","1","-31","-3","0","0"
"1227","-2","2","-30","-3","0","0"
"1231","-2","2","-30","0","2","1"
"1239","0","0","-29","0","2","1"
"1240","0","0","-29","0","-1","2"
"1248","-3","1","-28","0","-1","2"
"1252","-3","1","-28","2","-1","3"
"1260","0","2","-29","2","-1","3"
"1260","0","2","-29","2","1","1"
"1268","-2","1","-33","2","1","1"
"1268","-2","1","-33","-2","0","1"
"1280","-2","1","-27","-2","0","1"
"1281","-2","1","-27","-2","1","-1"
"1289","-1","2","-31","-2","1","-1"
"1289","-1","2","-31","0","0","0"
"1301","-1","3","-33","0","0","0"
"1301","-1","3","-33","-3","-2","-1"
"1309","0","0","-28","-3","-2","-1"
"1309","0","0","-28","-1","1","1"
"1317","-1","3","-29","-1","1","1"
"1321","-1","3","-29","-2","1","0"
"1330","-1","3","-31","-2","1","0"
"1330","-1","3","-31","-1","0","1"
"1338","1","1","-27","-1","0","1"
"1342","1","1","-27","2","0","-2"
"1350","-1","1","-28","2","0","-2"
"1350","-1","1","-28","-2","3","-1"
"1358","-1","2","-28","-2","3","-1"
"1358","-1","2","-28","-1","-1","0"
"1370","-2","3","-30","-1","-1","0"
"1371","-2","3","-30","-2","1","1"
"1379","0","1","-28","-2","1","1"
"1379","0","1","-28","2","-1","0"
"1391","0","1","-28","2","-1","0"
"1391","0","1","-28","0","-2","1"
"1399","-1","2","-30","0","-2","1"
"1399","-1","2","-30","1","1","1"
"1407","-2","2","-28","1","1","1"
"1411","-2","2","-28","0","0","1"
"1420","-2","2","-28","0","0","1"
"1420","-2","2","-28","2","0","-1"
"1428","-2","1","-28","2","0","-1"
"1432","-2","1","-28","-3","0","1"
"1440","-1","2","-31","-3","0","1"
"1441","-1","2","-31","1","1","0"
"1448","-2","2","-29","1","1","0"
"1449","-2","2","-29","-1","1","-2"
"1461","-1","1","-29","-1","1","-2"
"1461","-1","1","-29","-1","0","0"
"1469","-2","1","-32","-1","0","0"
"1469","-2","1","-32","1","-1","1"
"1481","-2","3","-26","1","-1","1"
"1481","-2","3","-26","0","-3","1"
"1489","-2","2","-30","0","-3","1"
"1490","-2","2","-30","2","-3","1"
"1497","-1","1","-29","2","-3","1"
"1502","-1","1","-29","0","-1","-1"
"1510","0","1","-27","0","-1","-1"
"1510","0","1","-27","-2","1","-1"
"1518","-1","1","-30","-2","1","-1"
"1522","-1","1","-30","0","-2","1"
"1530","-1","1","-26","0","-2","1"
"1530","-1","1","-26","-1","-1","2"
"1538","0","3","-29","-1","-1","2"
"1539","0","3","-29","-1","-3","2"
"1551","0","0","-27","-1","-3","2"
"1551","0","0","-27","0","-1","2"
"1559","-2","1","-30","0","-1","2"
"1559","-2","1","-30","-1","0","-2"
"1567","-2","1","-30","-1","0","-2"
"1571","-2","1","-30","0","0","3"
"1579","0","3","-30","0","0","3"
"1580","0","3","-30","0","0","1"
"1588","-2","1","-29","0","0","1"
"1592","-2","1","-29","0","-1","0"
"1600","-2","1","-28","0","-1","0"
"1600","-2","1","-28","-1","2","3"
"1608","-3","2","-28","-1","2","3"
"1608","-3","2","-28","3","0","0"
"1620","0","-1","-28","3","0","0"
"1621","0","-1","-28","-1","0","-1"
"1629","-1","-1","-31","-1","0","-1"
"1629","-1","-1","-31","1","-3","0"
"1641","-2","3","-28","1","-3","0"
"1641","-2","3","-28","0","-2","2"
"1649","-1","2","-27","0","-2","2"
"1649","-1","2","-27","0","2","0"
"1657","0","0","-30","0","2","0"
"1661","0","0","-30","0","1","-3"
"1670","0","1","-31","0","1","-3"
"1670","0","1","-31","0","2","-1"
"1678","-2","1","-30","0","2","-1"
"1682","-2","1","-30","0","1","0"
"1690","-2","2","-27","0","1","0"
"1690","-2","2","-27","-1","1","-3"
"1698","-2","2","-29","-1","1","-3"
"1698","-2","2","-29","-4","5","2"
"1711","-1","2","-28","-4","5","2"
"1711","-1","2","-28","-2","3","2"
"1719","-1","2","-31","-2","3","2"
"1719","-1","2","-31","1","-1","0"
"1731","-2","1","-30","1","-1","0"
"1731","-2","1","-30","1","1","-2"
"1739","-1","2","-28","1","1","-2"
"1739","-1","2","-28","0","4","-2"
"1747","-1","3","-29","0","4","-2"
"1751","-1","3","-29","-1","2","-2"
"1760","-2","2","-30","-1","2","-2"
"1760","-2","2","-30","3","2","0"
"1768","-4","2","-29","3","2","0"
"1772","-4","2","-29","0","3","0"
"1780","-2","4","-28","0","3","0"
"1780","-2","4","-28","-1","2","1"
"1788","-2","0","-28","-1","2","1"
"1789","-2","0","-28","0","1","-3"
"1801","-1","2","-27","0","1","-3"
"1801","-1","2","-27","1","3","-2"
"1809","0","1","-27","1","3","-2"
"1809","0","1","-27","-1","1","0"
"1821","-1","1","-30","-1","1","0"
"1821","-1","1","-30","-4","3","0"
"1829","-3","1","-27","-4","3","0"
"1829","-3","1","-27","-2","4","0"
"1837","-2","2","-29","-2","4","0"
"1841","-2","2","-29","0","0","-4"
"1850","-3","3","-30","0","0","-4"
"1850","-3","3","-30","0","1","-2"
"1858","-2","0","-30","0","1","-2"
"1862","-2","0","-30","-4","3","-2"
"1870","-2","1","-30","-4","3","-2"
"1870","-2","1","-30","-1","1","-1"
"1878","-2","4","-31","-1","1","-1"
"1879","-2","4","-31","0","3","1"
"1891","-2","0","-29","0","3","1"
"1891","-2","0","-29","1","4","-3"
"1899","-2","0","-27","1","4","-3"
"1899","-2","0","-27","0","1","-1"
"1911","0","1","-29","0","1","-1"
"1911","0","1","-29","-1","2","1"
"1919","-1","2","-32","-1","2","1"
"1920","-1","2","-32","0","-1","-2"
"1928","-2","0","-28","0","-1","-2"
"1932","-2","0","-28","-2","2","-2"
"1940","0","3","-27","-2","2","-2"
"1940","0","3","-27","0","-1","-2"
"1948","-2","1","-28","0","-1","-2"
"1952","-2","1","-28","-1","1","-1"
"1960","-2","2","-31","-1","1","-1"
"1961","-2","2","-31","0","2","-1"
"1969","-1","1","-29","0","2","-1"
"1969","-1","1","-29","0","3","1"
"1981","-3","2","-30","0","3","1"
"1981","-3","2","-30","0","3","-1"
"1989","-3","1","-27","0","3","-1"
"1989","-3","1","-27","3","3","-1"
"2001","-1","1","-28","3","3","-1"
"2001","-1","1","-28","2","0","-1"
"2010","0","1","-29","2","0","-1"
"2010","0","1","-29","-4","3","2"
"2018","-2","1","-29","-4","3","2"
"2022","-2","1","-29","-2","1","2"
"2030","-1","2","-26","-2","1","2"
"2030","-1","2","-26","2","1","-2"
"2038","-3","1","-28","2","1","-2"
"2042","-3","1","-28","-1","2","-3"
"2051","-1","0","-29","-1","2","-3"
"2051","-1","0","-29","2","2","-2"
"2059","-2","3","-30","2","2","-2"
"2059","-2","3","-30","3","0","-2"
"2071","-1","1","-30","3","0","-2"
"2071","-1","1","-30","1","-2","-2"
"2079","-3","0","-28","1","-2","-2"
"2079","-3","0","-28","-2","2","-3"
"2087","-2","3","-28","-2","2","-3"
"2091","-2","3","-28","0","-1","-1"
"2100","-3","3","-31","0","-1","-1"
"2100","-3","3","-31","1","0","0"
"2108","1","2","-28","1","0","0"
"2112","1","2","-28","-1","2","0"
"2120","-1","2","-31","-1","2","0"
"2120","-1","2","-31","3","1","2"
"2128","-2","1","-28","3","1","2"
"2132","-2","1","-28","-3","1","-1"
"2141","-1","0","-27","-3","1","-1"
"2141","-1","0","-27","-1","1","-2"
"2149","-1","2","-26","-1","1","-2"
"2149","-1","2","-26","-2","1","-1"
"2161","-4","3","-31","-2","1","-1"
"2161","-4","3","-31","-1","0","1"
"2169","-1","1","-28","-1","0","1"
"2169","-1","1","-28","1","-1","1"
"2177","-2","0","-28","1","-1","1"
"2181","-2","0","-28","0","-1","0"
"2190","-2","2","-26","0","-1","0"
"2190","-2","2","-26","-3","1","-1"
"2198","-2","2","-31","-3","1","-1"
"2202","-2","2","-31","0","-1","-1"
"2210","-3","1","-28","0","-1","-1"
"2211","-3","1","-28","-1","3","1"
"2219","-1","2","-29","-1","3","1"
"2219","-1","2","-29","-1","2","-1"
"2231","-2","1","-27","-1","2","-1"
"2231","-2","1","-27","-2","1","3"
"2239","-2","0","-27","-2","1","3"
"2239","-2","0","-27","-3","0","1"
"2251","-3","2","-28","-3","0","1"
"2251","-3","2","-28","1","1","1"
"2260","-1","2","-27","1","1","1"
"2260","-1","2","-27","3","1","0"
"2267","0","2","-31","3","1","0"
"2271","0","2","-31","0","0","0"
"2280","-2","1","-29","0","0","0"
"2280","-2","1","-29","0","-3","-1"
"2288","-2","1","-28","0","-3","-1"
"2292","-2","1","-28","0","1","0"
"2300","-2","2","-28","0","1","0"
"2301","-2","2","-28","0","2","-1"
"2309","0","2","-30","0","2","-1"
"2313","0","2","-30","-1","-2","-1"
"2321","-1","1","-31","-1","-2","-1"
"2321","-1","1","-31","1","0","0"
"2329","-1","1","-30","1","0","0"
"2329","-1","1","-30","0","1","3"
"2341","-1","2","-28","0","1","3"
"2342","-1","2","-28","-3","1","1"
"2349","-2","2","-28","-3","1","1"
"2349","-2","2","-28","0","1","-1"
"2361","-1","1","-28","0","1","-1"
"2361","-1","1","-28","0","0","0"
"2369","-2","1","-30","0","0","0"
"2369","-2","1","-30","3","-1","2"
"2377","0","1","-30","3","-1","2"
"2381","0","1","-30","3","3","0"
"2389","-1","3","-27","3","3","0"
"2390","-1","3","-27","0","1","0"
"2398","-2","1","-29","0","1","0"
"2402","-2","1","-29","0","2","-2"
"2410","-1","1","-30","0","2","-2"
"2410","-1","1","-30","2","2","-2"
"2418","-3","3","-31","2","2","-2"
"2418","-3","3","-31","4","-2","1"
"2430","-2","2","-27","4","-2","1"
"2430","-2","2","-27","1","-3","3"
"2439","-1","2","-29","1","-3","3"
"2439","-1","2","-29","3","-1","2"
"2451","-2","2","-30","3","-1","2"
"2451","-2","2","-30","-1","1","0"
"2459","-2","1","-31","-1","1","0"
"2459","-2","1","-31","-1","3","0"
"2467","0","1","-28","-1","3","0"
"2471","0","1","-28","-1","1","0"
"2480","0","0","-28","-1","1","0"
"2480","0","0","-28","-2","1","0"
"2488","-1","1","-30","-2","1","0"
"2492","-1","1","-30","0","0","0"
"2500","-1","2","-27","0","0","0"
"2500","-1","2","-27","0","-1","1"
"2508","0","1","-29","0","-1","1"
"2508","0","1","-29","-5","-1","0"
"2521","0","4","-31","-5","-1","0"
"2521","0","4","-31","2","-1","-1"
"2529","-3","1","-29","2","-1","-1"
"2529","-3","1","-29","2","0","0"
"2541","0","0","-26","2","0","0"
"2541","0","0","-26","-3","3","-2"
"2549","-1","2","-30","-3","3","-2"
"2549","-1","2","-30","-1","0","0"
"2557","-1","2","-29","-1","0","0"
"2561","-1","2","-29","1","2","1"
"2570","-1","1","-30","1","2","1"
"2570","-1","1","-30","0","0","-1"
"2578","-2","1","-29","0","0","-1"
"2582","-2","1","-29","0","1","2"
"2590","-3","1","-27","0","1","2"
"2590","-3","1","-27","4","0","1"
"2598","0","1","-27","4","0","1"
"2599","0","1","-27","0","0","1"
"2611","-1","2","-29","0","0","1"
"2611","-1","2","-29","3","-1","-1"
"2619","-2","1","-33","3","-1","-1"
"2619","-2","1","-33","2","0","0"
"2631","0","3","-28","2","0","0"
"2631","0","3","-28","0","0","1"
"2639","-1","1","-28","0","0","1"
"2640","-1","1","-28","0","0","-4"
"2647","-2","1","-29","0","0","-4"
"2652","-2","1","-29","0","-2","-1"
"2660","0","1","-29","0","-2","-1"
"2660","0","1","-29","2","2","0"
"2668","-2","2","-29","2","2","0"
"2672","-2","2","-29","1","1","1"
"2680","-2","2","-29","1","1","1"
"2681","-2","2","-29","2","0","0"
"2689","-1","1","-27","2","0","0"
"2692","-1","1","-27","-2","0","0"
"2701","-2","2","-28","-2","0","0"
"2701","-2","2","-28","0","1","-2"
"2709","0","1","-30","0","1","-2"
"2709","0","1","-30","1","1","-1"
"2721","-1","1","-31","1","1","-1"
"2721","-1","1","-31","1","-1","1"
"2730","-2","2","-30","1","-1","1"
"2730","-2","2","-30","1","0","1"
"2742","-2","0","-28","1","0","1"
"2742","-2","0","-28","2","0","2"
"2750","-1","0","-26","2","0","2"
"2750","-1","0","-26","0","0","1"
"2758","-3","3","-30","0","0","1"
"2762","-3","3","-30","-2","2","1"
"2770","-2","1","-31","-2","2","1"
"2771","-2","1","-31","0","1","-4"
"2779","-1","1","-31","0","1","-4"
"2782","-1","1","-31","-2","2","-1"
"2791","-1","1","-25","-2","2","-1"
"2791","-1","1","-25","-3","-1","-1"
"2799","-2","1","-28","-3","-1","-1"
"2799","-2","1","-28","-2","0","0"
"2811","-1","1","-27","-2","0","0"
"2811","-1","1","-27","0","-1","1"
"2820","-2","0","-30","0","-1","1"
"2820","-2","0","-30","2","-1","0"
"2832","-2","0","-29","2","-1","0"
"2832","-2","0","-29","0","-2","2"
"2840","-2","2","-27","0","-2","2"
"2840","-2","2","-27","0","0","1"
"2848","-2","2","-29","0","0","1"
"2852","-2","2","-29","2","0","-1"
"2861","-3","1","-29","2","0","-1"
"2861","-3","1","-29","2","2","2"
"2869","-1","1","-30","2","2","2"
"2873","-1","1","-30","-2","2","1"
"2881","-1","3","-30","-2","2","1"
"2881","-1","3","-30","0","1","-1"
"2889","-2","1","-28","0","1","-1"
"2893","-2","1","-28","-2","-2","-1"
"2902","-3","1","-28","-2","-2","-1"
"2902","-3","1","-28","1","2","1"
"2910","0","2","-29","1","2","1"
"2910","0","2","-29","1","2","0"
"2922","-3","4","-31","1","2","0"
"2922","-3","4","-31","0","-1","-1"
"2930","-3","3","-31","0","-1","-1"
"2930","-3","3","-31","-3","-2","0"
"2938","-1","1","-29","-3","-2","0"
"2942","-1","1","-29","-2","0","2"
"2951","0","1","-29","-2","0","2"
"2951","0","1","-29","2","-2","-1"
"2959","0","3","-27","2","-2","-1"
"2963","0","3","-27","2","1","-1"
"2971","-3","6","-32","2","1","-1"
"2971","-3","6","-32","0","1","0"
"2979","-1","2","-29","0","1","0"
"2979","-1","2","-29","2","1","2"
"2992","0","2","-28","2","1","2"
"2992","0","2","-28","-2","1","2"
"3000","-3","3","-27","-2","1","2"
"3000","-3","3","-27","2","0","0"
"3012","-1","0","-27","2","0","0"
"3012","-1","0","-27","2","0","1"
"3020","0","0","-28","2","0","1"
"3020","0","0","-28","0","0","0"
"3028","-3","2","-29","0","0","0"
"3033","-3","2","-29","1","2","1"
"3041","-1","1","-30","1","2","1"
"3041","-1","1","-30","3","-3","-1"
"3049","0","1","-28","3","-3","-1"
"3053","0","1","-28","1","0","1"
"3061","-2","1","-29","1","0","1"
"3061","-2","1","-29","0","0","-1"
"3070","-1","2","-31","0","0","-1"
"3070","-1","2","-31","3","0","0"
"3082","0","2","-29","3","0","0"
"3082","0","2","-29","0","0","0"
"3090","-2","2","-28","0","0","0"
"3090","-2","2","-28","1","0","2"
"3102","-2","1","-29","1","0","2"
"3102","-2","1","-29","-2","-1","1"
"3110","-1","1","-27","-2","-1","1"
"3111","-1","1","-27","0","0","2"
"3118","-1","2","-33","0","0","2"
"3123","-1","2","-33","-1","-2","0"
"3131","0","2","-28","-1","-2","0"
"3131","0","2","-28","-3","-1","-1"
"3139","-1","0","-28","-3","-1","-1"
"3143","-1","0","-28","0","1","1"
"3151","-1","3","-28","0","1","1"
"3152","-1","3","-28","0","1","1"
"3160","-2","2","-27","0","1","1"
"3163","-2","2","-27","2","-1","-2"
"3172","-1","1","-30","2","-1","-2"
"3172","-1","1","-30","-3","0","-1"
"3180","-2","2","-31","-3","0","-1"
"3180","-2","2","-31","1","-3","-1"
"3192","-2","1","-29","1","-3","-1"
"3192","-2","1","-29","1","3","-2"
"3200","-2","1","-29","1","3","-2"
"3201","-2","1","-29","-3","3","0"
"3209","0","0","-29","-3","3","0"
"3213","0","0","-29","0","-2","0"
"3221","-2","1","-32","0","-2","0"
"3221","-2","1","-32","-1","1","1"
"3229","-1","3","-27","-1","1","1"
"3233","-1","3","-27","4","1","-4"
"3241","-2","1","-28","4","1","-4"
"3242","-2","1","-28","4","-3","-1"
"3250","-1","1","-30","4","-3","-1"
"3250","-1","1","-30","0","0","0"
"3262","-1","1","-26","0","0","0"
"3262","-1","1","-26","1","-3","0"
"3270","-2","3","-31","1","-3","0"
"3270","-2","3","-31","0","0","2"
"3282","-1","2","-28","0","0","2"
"3283","-1","2","-28","1","0","2"
"3291","0","2","-31","1","0","2"
"3291","0","2","-31","2","-1","-2"
"3303","-2","1","-27","2","-1","-2"
"3303","-2","1","-27","1","0","1"
"3311","-1","2","-28","1","0","1"
"3311","-1","2","-28","2","1","2"
"3319","-2","1","-30","2","1","2"
"3323","-2","1","-30","2","1","0"
"3332","-1","2","-29","2","1","0"
"3332","-1","2","-29","2","-1","0"
"3340","-2","1","-28","2","-1","0"
"3344","-2","1","-28","1","-1","-1"
"3352","-1","1","-29","1","-1","-1"
"3352","-1","1","-29","-2","0","-2"
"3360","-2","2","-29","-2","0","-2"
"3360","-2","2","-29","1","-3","1"
"3373","-2","3","-33","1","-3","1"
"3373","-2","3","-33","0","0","-1"
"3381","-1","2","-30","0","0","-1"
"3381","-1","2","-30","2","0","1"
"3393","-2","2","-28","2","0","1"
"3393","-2","2","-28","-1","0","0"
"3401","-2","3","-29","-1","0","0"
"3402","-2","3","-29","1","0","-2"
"3409","-2","3","-29","1","0","-2"
"3414","-2","3","-29","3","-4","-2"
"3422","-2","0","-27","3","-4","-2"
"3422","-2","0","-27","-1","1","-2"
"3430","-1","2","-29","-1","1","-2"
"3434","-1","2","-29","-2","2","1"
"3442","0","1","-30","-2","2","1"
"3442","0","1","-30","-3","-1","0"
"3451","-2","0","-30","-3","-1","0"
"3451","-2","0","-30","-3","-1","0"
"3463","-3","1","-29","-3","-1","0"
"3463","-3","1","-29","1","0","0"
"3471","-2","2","-30","1","0","0"
"3471","-2","2","-30","-1","-2","0"
"3483","-1","1","-29","-1","-2","0"
"3483","-1","1","-29","2","0","0"
"3491","-2","1","-26","2","0","0"
"3492","-2","1","-26","0","-1","-1"
"3500","0","2","-27","0","-1","-1"
"3504","0","2","-27","-3","1","0"
"3512","-2","2","-29","-3","1","0"
"3512","-2","2","-29","4","0","-2"
"3520","-1","2","-30","4","0","-2"
"3524","-1","2","-30","0","2","1"
"3532","0","1","-31","0","2","1"
"3532","0","1","-31","-1","1","0"
"3541","-3","1","-31","-1","1","0"
"3544","-3","1","-31","-1","0","2"
"3553","-3","1","-31","-1","0","2"
"3553","-3","1","-31","-1","0","2"
"3561","-2","2","-26","-1","0","2"
"3561","-2","2","-26","1","-1","-1"
"3573","-1","2","-31","1","-1","-1"
"3573","-1","2","-31","0","-2","-2"
"3582","-1","1","-32","0","-2","-2"
"3582","-1","1","-32","-1","0","0"
"3594","-3","1","-28","-1","0","0"
"3594","-3","1","-28","-2","0","0"
"3602","-1","3","-28","-2","0","0"
"3602","-1","3","-28","-2","0","0"
"3610","-1","3","-28","-2","0","0"
"3614","-1","3","-28","1","0","0"
"3623","-1","0","-29","1","0","0"
"3623","-1","0","-29","2","-1","-1"
"3631","-1","3","-31","2","-1","-1"
"3631","-1","3","-31","2","2","2"
"3643","-2","2","-29","2","2","2"
"3643","-2","2","-29","1","2","0"
"3651","-2","2","-29","1","2","0"
"3651","-2","2","-29","1","2","0"
"3663","0","1","-29","1","2","0"
"3663","0","1","-29","2","-3","1"
"3671","-1","1","-30","2","-3","1"
"3671","-1","1","-30","-2","1","0"
"3683","-3","2","-31","-2","1","0"
"3683","-3","2","-31","0","2","-1"
"3692","-1","2","-31","0","2","-1"
"3692","-1","2","-31","-1","-1","-3"
"3700","-1","1","-30","-1","-1","-3"
"3704","-1","1","-30","-1","-1","-3"
"3712","-3","3","-27","-1","-1","-3"
"3712","-3","3","-27","-2","1","1"
"3721","-2","2","-30","-2","1","1"
"3724","-2","2","-30","-3","0","2"
"3733","-2","1","-28","-3","0","2"
"3733","-2","1","-28","2","0","-1"
"3741","-1","1","-31","2","0","-1"
"3741","-1","1","-31","2","0","-1"
"3749","-1","1","-31","2","0","-1"
"3753","-1","1","-31","-1","0","0"
"3762","-2","1","-28","-1","0","0"
"3762","-2","1","-28","3","-1","-1"
"3774","0","2","-29","3","-1","-1"
"3774","0","2","-29","1","2","0"
"3782","-1","3","-30","1","2","0"
"3782","-1","3","-30","1","0","0"
"3790","-1","2","-31","1","0","0"
"3794","-1","2","-31","0","1","-1"
"3803","-1","2","-31","0","1","-1"
"3803","-1","2","-31","0","1","-1"
"3811","-3","1","-28","0","1","-1"
"3815","-3","1","-28","3","1","1"
"3823","-2","2","-29","3","1","1"
"3823","-2","2","-29","3","1","1"
"3831","-2","1","-29","3","1","1"
"3835","-2","1","-29","-1","-3","0"
"3844","-2","2","-28","-1","-3","0"
"3844","-2","2","-28","0","-3","0"
"3848","-2","2","-28","0","-3","0"
"3852","-2","2","-28","0","-3","0"
"3864","-1","1","-28","0","-3","0"
"3864","-1","1","-28","-2","-1","1"
"3872","0","1","-30","-2","-1","1"
"3872","0","1","-30","0","0","1"
"3880","-1","3","-33","0","0","1"
"3884","-1","3","-33","2","2","-1"
"3893","-2","2","-28","2","2","-1"
"3893","-2","2","-28","3","-2","-1"
"3901","-2","2","-28","3","-2","-1"
"3901","-2","2","-28","1","1","-2"
"3913","-2","2","-30","1","1","-2"
"3913","-2","2","-30","-1","1","1"
"3922","-1","2","-29","-1","1","1"
"3925","-1","2","-29","0","-1","-1"
"3934","-3","1","-28","0","-1","-1"
"3934","-3","1","-28","1","0","-1"
"3942","0","1","-30","1","0","-1"
"3942","0","1","-30","-1","-2","0"
"3950","0","1","-30","-1","-2","0"
"3950","0","1","-30","-1","0","0"
"3962","-1","1","-29","-1","0","0"
"3963","-1","1","-29","-2","5","0"
"3971","-2","2","-32","-2","5","0"
"3975","-2","2","-32","1","3","-1"
"3983","-1","2","-29","1","3","-1"
"3983","-1","2","-29","0","-1","-1"
"3991","-2","0","-28","0","-1","-1"
"3995","-2","0","-28","2","1","1"
"3999","-2","0","-28","2","1","1"
"3999","-2","0","-28","-1","2","-2"
"4011","-2","0","-30","-1","2","-2"
"4015","-2","0","-30","-4","0","0"
"4024","-2","1","-33","-4","0","0"
"4024","-2","1","-33","0","-3","0"
"4032","-2","1","-27","0","-3","0"
"4032","-2","1","-27","1","2","-2"
"4044","-3","0","-28","1","2","-2"
"4044","-3","0","-28","3","1","1"
"4048","-3","0","-28","3","1","1"
"4053","-3","0","-28","0","0","2"
"4065","-2","2","-31","0","0","2"
"4065","-2","2","-31","0","0","-1"
"4073","-1","0","-30","0","0","-1"
"4073","-1","0","-30","0","-1","1"
"4081","0","1","-30","0","-1","1"
"4085","0","1","-30","-2","1","2"
"4093","-1","1","-29","-2","1","2"
"4094","-1","1","-29","2","-1","1"
"4102","-1","1","-29","2","-1","1"
"4102","-1","1","-29","-1","0","-1"
"4114","-2","1","-29","-1","0","-1"
"4114","-2","1","-29","0","1","1"
"4122","-1","4","-30","0","1","1"
"4122","-1","4","-30","1","2","1"
"4134","-2","1","-30","1","2","1"
"4135","-2","1","-30","-1","1","0"
"4143","-2","1","-29","-1","1","0"
"4143","-2","1","-29","1","-1","-1"
"4151","-2","1","-29","1","-1","-1"
"4151","-2","1","-29","3","-1","2"
"4163","-2","1","-31","3","-1","2"
"4163","-2","1","-31","0","1","4"
"4171","0","1","-32","0","1","4"
"4175","0","1","-32","2","-2","0"
"4184","-2","1","-30","2","-2","0"
"4184","-2","1","-30","0","-1","0"
"4192","-1","2","-29","0","-1","0"
"4196","-1","2","-29","2","-3","2"
"4200","-1","2","-29","2","-3","2"
"4200","-1","2","-29","0","0","2"
"4212","-1","1","-28","0","0","2"
"4212","-1","1","-28","0","-1","1"
"4224","-2","2","-27","0","-1","1"
"4225","-2","2","-27","0","-2","0"
"4233","-1","4","-29","0","-2","0"
"4233","-1","4","-29","-1","2","2"
"4245","0","1","-28","-1","2","2"
"4245","0","1","-28","1","1","1"
"4249","0","1","-28","1","1","1"
"4253","0","1","-28","0","1","1"
"4261","0","0","-29","0","1","1"
"4266","0","0","-29","1","-2","-2"
"4274","-3","6","-31","1","-2","-2"
"4274","-3","6","-31","1","-1","0"
"4282","-2","1","-28","1","-1","0"
"4286","-2","1","-28","0","0","0"
"4294","-1","0","-29","0","0","0"
"4294","-1","0","-29","4","-1","1"
"4302","-1","0","-29","4","-1","1"
"4303","-1","0","-29","4","-3","-2"
"4315","-1","3","-31","4","-3","-2"
"4315","-1","3","-31","1","0","3"
"4323","0","2","-29","1","0","3"
"4323","0","2","-29","-1","-1","0"
"4335","-1","2","-28","-1","-1","0"
"4335","-1","2","-28","0","-1","0"
"4343","-2","3","-29","0","-1","0"
"4344","-2","3","-29","0","-2","2"
"4351","-2","3","-29","0","-2","2"
"4351","-2","3","-29","1","0","1"
"4364","-1","2","-30","1","0","1"
"4364","-1","2","-30","-3","0","1"
"4372","-2","3","-31","-3","0","1"
"4376","-2","3","-31","0","-1","0"
"4384","-2","1","-29","0","-1","0"
"4385","-2","1","-29","3","-2","0"
"4393","-2","1","-28","3","-2","0"
"4396","-2","1","-28","2","1","-1"
"4401","-2","1","-28","2","1","-1"
"4401","-2","1","-28","-1","-2","-1"
"4413","-4","3","-30","-1","-2","-1"
"4413","-4","3","-30","1","-1","-1"
"4425","-2","2","-31","1","-1","-1"
"4425","-2","2","-31","0","2","1"
"4434","0","2","-29","0","2","1"
"4434","0","2","-29","1","2","0"
"4446","-1","1","-28","1","2","0"
"4446","-1","1","-28","3","1","0"
"4450","-1","1","-28","3","1","0"
"4454","-1","1","-28","-2","-1","1"
"4462","-2","1","-29","-2","-1","1"
"4466","-2","1","-29","1","2","0"
"4474","0","3","-33","1","2","0"
"4475","0","3","-33","4","-1","1"
"4483","-1","0","-30","4","-1","1"
"4486","-1","0","-30","-1","1","1"
"4495","0","1","-29","-1","1","1"
"4495","0","1","-29","1","-1","-2"
"4503","0","1","-29","1","-1","-2"
"4503","0","1","-29","-1","-3","0"
"4515","0","4","-29","-1","-3","0"
"4515","0","4","-29","1","-3","-1"
"4524","-1","1","-31","1","-3","-1"
"4524","-1","1","-31","-1","0","2"
"4536","-1","0","-29","-1","0","2"
"4536","-1","0","-29","-1","0","0"
"4544","-1","0","-28","-1","0","0"
"4544","-1","0","-28","-2","0","-1"
"4552","-1","0","-28","-2","0","-1"
"4552","-1","0","-28","2","1","-2"
"4565","-4","1","-29","2","1","-2"
"4565","-4","1","-29","1","2","0"
"4573","-3","2","-32","1","2","0"
"4577","-3","2","-32","-3","2","-1"
"4585","-2","2","-30","-3","2","-1"
"4585","-2","2","-30","-1","-1","0"
"4593","-2","2","-29","-1","-1","0"
"4597","-2","2","-29","1","-2","-1"
"4601","-2","2","-29","1","-2","-1"
"4602","-2","2","-29","-2","1","0"
"4614","-1","0","-29","-2","1","0"
"4614","-1","0","-29","0","3","1"
"4626","0","1","-32","0","3","1"
"4626","0","1","-32","1","1","-1"
"4634","-1","3","-28","1","1","-1"
"4634","-1","3","-28","2","-1","-2"
"4642","-3","2","-27","2","-1","-2"
"4646","-3","2","-27","1","0","1"
"4651","-3","2","-27","1","0","1"
"4651","-3","2","-27","0","2","1"
"4663","-1","2","-27","0","2","1"
"4667","-1","2","-27","-1","1","1"
"4675","-2","3","-30","-1","1","1"
"4675","-2","3","-30","1","0","0"
"4683","-2","3","-30","1","0","0"
"4684","-2","3","-30","0","3","-1"
"4696","0","1","-28","0","3","-1"
"4696","0","1","-28","2","1","1"
"4700","0","1","-28","2","1","1"
"4704","0","1","-28","-3","-1","1"
"4716","-1","2","-29","-3","-1","1"
"4716","-1","2","-29","4","-1","1"
"4724","-3","1","-29","4","-1","1"
"4725","-3","1","-29","0","0","0"
"4732","0","3","-30","0","0","0"
"4737","0","3","-30","0","-3","0"
"4745","-1","2","-28","0","-3","0"
"4745","-1","2","-28","1","1","-1"
"4753","-1","2","-28","1","1","-1"
"4753","-1","2","-28","5","0","1"
"4765","-1","1","-30","5","0","1"
"4765","-1","1","-30","2","2","0"
"4773","0","2","-30","2","2","0"
"4774","0","2","-30","0","1","1"
"4785","-2","2","-29","0","1","1"
"4786","-2","2","-29","-4","3","1"
"4794","0","1","-30","-4","3","1"
"4794","0","1","-30","0","3","1"
"4802","0","1","-30","0","3","1"
"4802","0","1","-30","3","1","1"
"4815","-1","1","-28","3","1","1"
"4815","-1","1","-28","1","2","-1"
"4827","-2","2","-33","1","2","-1"
"4827","-2","2","-33","-4","1","1"
"4835","-2","1","-29","-4","1","1"
"4835","-2","1","-29","2","-2","-1"
"4843","-1","2","-30","2","-2","-1"
"4847","-1","2","-30","3","-2","1"
"4851","-1","2","-30","3","-2","1"
"4852","-1","2","-30","3","-2","1"
"4864","-2","0","-28","3","-2","1"
"4867","-2","0","-28","2","-2","-1"
"4876","-2","0","-28","2","-2","-1"
"4876","-2","0","-28","-1","-1","0"
"4884","-3","1","-31","-1","-1","0"
"4884","-3","1","-31","3","0","2"
"4896","-1","1","-27","3","0","2"
"4897","-1","1","-27","0","1","1"
"4901","-1","1","-27","0","1","1"
"4904","-1","1","-27","1","0","2"
"4913","-2","3","-28","1","0","2"
"4917","-2","3","-28","-1","1","-1"
"4925","-2","4","-33","-1","1","-1"
"4925","-2","4","-33","1","-3","0"
"4933","-2","4","-33","1","-3","0"
"4937","-2","4","-33","-1","-1","0"
"4946","0","1","-28","-1","-1","0"
"4946","0","1","-28","1","-2","-1"
"4954","0","1","-28","1","-2","-1"
"4954","0","1","-28","-1","0","1"
"4966","-2","3","-30","-1","0","1"
"4966","-2","3","-30","-6","1","1"
"4974","-2","3","-30","-6","1","1"
"4974","-2","3","-30","0","-1","0"
"4986","-2","2","-30","0","-1","0"
"4986","-2","2","-30","0","-2","0"
"4995","-2","2","-27","0","-2","0"
"4995","-2","2","-27","-2","-1","1"
"5003","-2","2","-27","-2","-1","1"
"5003","-2","2","-27","-2","0","1"
"5015","-2","3","-29","-2","0","1"
"5015","-2","3","-29","0","1","0"
"5023","0","1","-29","0","1","0"
"5027","0","1","-29","2","-2","-1"
"5036","-1","3","-31","2","-2","-1"
"5036","-1","3","-31","-3","1","-1"
"5044","0","2","-27","-3","1","-1"
"5044","0","2","-27","0","0","-1"
"5052","0","2","-27","0","0","-1"
"5052","0","2","-27","-1","1","0"
"5064","-1","0","-30","-1","1","0"
"5064","-1","0","-30","0","-1","0"
"5072","-2","0","-28","0","-1","0"
"5076","-2","0","-28","-2","-1","1"
"5085","-2","4","-29","-2","-1","1"
"5085","-2","4","-29","1","-1","0"
"5093","-1","4","-29","1","-1","0"
"5097","-1","4","-29","2","-1","1"
"5101","-2","1","-30","2","-1","1"
"5101","-2","1","-30","-3","0","-2"
"5114","-2","1","-30","-3","0","-2"
"5114","-2","1","-30","1","1","-1"
"5122","-1","3","-28","1","1","-1"
"5122","-1","3","-28","0","0","-2"
"5134","-2","1","-32","0","0","-2"
"5134","-2","1","-32","0","2","2"
"5142","0","0","-31","0","2","2"
"5146","0","0","-31","-2","1","-2"
"5150","-1","0","-26","-2","1","-2"
"5151","-1","0","-26","2","-3","2"
"5163","-2","4","-28","2","-3","2"
"5163","-2","4","-28","3","-1","2"
"5171","0","1","-27","3","-1","2"
"5175","0","1","-27","1","-1","1"
"5183","0","1","-32","1","-1","1"
"5183","0","1","-32","2","0","1"
"5191","-2","2","-29","2","0","1"
"5192","-2","2","-29","1","-1","2"
"5199","0","1","-29","1","-1","2"
"5199","0","1","-29","0","-2","-1"
"5212","1","0","-25","0","-2","-1"
"5212","1","0","-25","3","-2","-1"
"5220","-1","1","-32","3","-2","-1"
"5224","-1","1","-32","0","-1","-1"
"5232","-2","3","-28","0","-1","-1"
"5232","-2","3","-28","-1","1","1"
"5240","-2","3","-31","-1","1","1"
"5241","-2","3","-31","-1","-2","0"
"5249","-1","3","-29","-1","-2","0"
"5249","-1","3","-29","-2","0","0"
"5261","-1","1","-29","-2","0","0"
"5261","-1","1","-29","3","2","-2"
"5277","-2","3","-29","3","2","-2"
"5277","-2","3","-29","2","-2","0"
"5281","-2","3","-29","2","-2","0"
"5282","-2","3","-29","3","0","0"
"5290","0","3","-26","3","0","0"
"5290","0","3","-26","1","1","-1"
"5298","-1","2","-29","1","1","-1"
"5302","-1","2","-29","1","0","0"
"5310","-1","0","-31","1","0","0"
"5310","-1","0","-31","1","-1","3"
"5318","-2","1","-29","1","-1","3"
"5322","-2","1","-29","2","2","-1"
"5331","-3","3","-30","2","2","-1"
"5331","-3","3","-30","0","1","-2"
"5339","-1","1","-30","0","1","-2"
"5339","-1","1","-30","1","4","-1"
"5351","-2","2","-29","1","4","-1"
"5351","-2","2","-29","-2","-2","-1"
"5359","-1","2","-30","-2","-2","-1"
"5359","-1","2","-30","0","-1","0"
"5371","-2","1","-29","0","-1","0"
"5371","-2","1","-29","1","0","1"
"5380","-3","1","-28","1","0","1"
"5380","-3","1","-28","1","0","-1"
"5388","-1","1","-31","1","0","-1"
"5392","-1","1","-31","1","3","-1"
"5400","-2","0","-30","1","3","-1"
"5400","-2","0","-30","3","2","-1"
"5408","-1","3","-29","3","2","-1"
"5412","-1","3","-29","3","1","-1"
"5421","-1","2","-29","3","1","-1"
"5421","-1","2","-29","4","3","2"
"5429","-2","1","-32","4","3","2"
"5429","-2","1","-32","0","2","0"
"5441","-1","1","-29","0","2","0"
"5441","-1","1","-29","1","1","-2"
"5449","0","4","-31","1","1","-2"
"5450","0","4","-31","0","0","-1"
"5457","0","0","-29","0","0","-1"
"5462","0","0","-29","-1","-2","3"
"5470","-1","0","-28","-1","-2","3"
"5470","-1","0","-28","-5","3","0"
"5478","-2","3","-31","-5","3","0"
"5482","-2","3","-31","-2","2","0"
"5490","-1","3","-31","-2","2","0"
"5490","-1","3","-31","-1","1","1"
"5499","-2","0","-31","-1","1","1"
"5499","-2","0","-31","0","1","0"
"5511","-2","4","-32","0","1","0"
"5511","-2","4","-32","-4","0","-2"
"5519","0","1","-29","-4","0","-2"
"5519","0","1","-29","-1","-4","0"
"5531","-2","2","-29","-1","-4","0"
"5531","-2","2","-29","4","1","0"
"5539","-2","1","-30","4","1","0"
"5540","-2","1","-30","0","-1","0"
"5548","-1","2","-31","0","-1","0"
"5552","-1","2","-31","1","1","2"
"5560","-2","2","-29","1","1","2"
"5560","-2","2","-29","-1","-2","-2"
"5568","-2","2","-28","-1","-2","-2"
"5572","-2","2","-28","1","-1","0"
"5580","-2","1","-31","1","-1","0"
"5581","-2","1","-31","-2","0","0"
"5589","0","3","-30","-2","0","0"
"5589","0","3","-30","0","1","2"
"5601","-2","1","-26","0","1","2"
"5601","-2","1","-26","-2","2","-1"
"5609","-2","2","-30","-2","2","-1"
"5609","-2","2","-30","-4","2","1"
"5621","-2","1","-26","-4","2","1"
"5621","-2","1","-26","0","-1","0"
"5629","-2","0","-29","0","-1","0"
"5630","-2","0","-29","1","-2","-1"
"5638","-2","0","-28","1","-2","-1"
"5642","-2","0","-28","-2","-1","0"
"5650","-1","2","-29","-2","-1","0"
"5650","-1","2","-29","0","4","-1"
"5658","-2","3","-27","0","4","-1"
"5662","-2","3","-27","-1","1","3"
"5671","-1","0","-30","-1","1","3"
"5671","-1","0","-30","0","1","0"
"5679","-3","1","-30","0","1","0"
"5679","-3","1","-30","1","-2","0"
"5691","-2","0","-29","1","-2","0"
"5691","-2","0","-29","2","-1","0"
"5699","-1","2","-27","2","-1","0"
"5699","-1","2","-27","1","-1","-1"
"5711","-1","1","-28","1","-1","-1"
"5712","-1","1","-28","4","-1","-1"
"5720","-2","1","-26","4","-1","-1"
"5720","-2","1","-26","-1","2","1"
"5728","-2","2","-32","-1","2","1"
"5732","-2","2","-32","1","2","1"
"5740","-1","2","-27","1","2","1"
"5740","-1","2","-27","4","2","1"
"5748","-2","2","-30","4","2","1"
"5752","-2","2","-30","1","-2","1"
"5761","-2","0","-30","1","-2","1"
"5761","-2","0","-30","2","-1","-1"
"5769","-2","4","-28","2","-1","-1"
"5769","-2","4","-28","2","1","-1"
"5781","-2","3","-33","2","1","-1"
"5781","-2","3","-33","6","-1","0"
"5789","0","0","-30","6","-1","0"
"5789","0","0","-30","1","1","1"
"5801","-2","2","-27","1","1","1"
"5801","-2","2","-27","0","-1","1"
"5810","-3","4","-30","0","-1","1"
"5810","-3","4","-30","1","1","0"
"5818","-1","2","-27","1","1","0"
"5822","-1","2","-27","2","-2","0"
"5830","-2","0","-30","2","-2","0"
"5830","-2","0","-30","0","-1","1"
"5838","-2","2","-28","0","-1","1"
"5842","-2","2","-28","0","-1","2"
"5851","0","2","-28","0","-1","2"
"5851","0","2","-28","2","-2","2"
"5859","-1","3","-30","2","-2","2"
"5859","-1","3","-30","4","-3","-3"
"5871","-2","1","-28","4","-3","-3"
"5871","-2","1","-28","3","0","3"
"5879","-2","1","-30","3","0","3"
"5880","-2","1","-30","-1","0","-3"
"5892","-2","4","-31","-1","0","-3"
"5892","-2","4","-31","-1","2","0"
"5900","-4","4","-29","-1","2","0"
"5900","-4","4","-29","2","0","-1"
"5908","-1","1","-28","2","0","-1"
"5912","-1","1","-28","1","-2","-1"
"5920","-1","5","-29","1","-2","-1"
"5921","-1","5","-29","-1","-2","0"
"5928","-2","4","-31","-1","-2","0"
"5932","-2","4","-31","1","1","0"
"5941","0","0","-28","1","1","0"
"5941","0","0","-28","1","-1","1"
"5949","-1","2","-30","1","-1","1"
"5949","-1","2","-30","-1","0","2"
"5961","-2","1","-28","-1","0","2"
"5961","-2","1","-28","2","1","4"
"5970","-2","3","-29","2","1","4"
"5970","-2","3","-29","0","0","1"
"5982","-1","0","-30","0","0","1"
"5982","-1","0","-30","2","-2","1"
"5990","-2","1","-28","2","-2","1"
"5990","-2","1","-28","2","1","-2"
"5998","-2","2","-28","2","1","-2"
"6002","-2","2","-28","1","0","-1"
"6011","-1","1","-28","1","0","-1"
"6011","-1","1","-28","0","0","0"
"6019","-2","1","-27","0","0","0"
"6019","-2","1","-27","2","0","0"
"6031","-2","1","-30","2","0","0"
"6031","-2","1","-30","1","1","1"
"6039","-1","2","-28","1","1","1"
"6039","-1","2","-28","1","1","-1"
"6051","0","0","-29","1","1","-1"
"6051","0","0","-29","2","2","-2"
"6060","0","2","-27","2","2","-2"
"6060","0","2","-27","-1","-1","1"
"6068","-1","1","-28","-1","-1","1"
"6072","-1","1","-28","0","-2","2"
"6080","-2","1","-33","0","-2","2"
"6080","-2","1","-33","3","0","1"
"6088","0","1","-33","3","0","1"
"6092","0","1","-33","0","3","-1"
"6101","-2","1","-29","0","3","-1"
"6101","-2","1","-29","0","2","1"
"6109","0","2","-29","0","2","1"
"6109","0","2","-29","-4","1","-1"
"6121","-1","1","-28","-4","1","-1"
"6121","-1","1","-28","0","-2","0"
"6129","0","2","-32","0","-2","0"
"6129","0","2","-32","-2","-1","0"
"6142","-2","2","-29","-2","-1","0"
"6142","-2","2","-29","-1","1","1"
"6150","-2","1","-30","-1","1","1"
"6150","-2","1","-30","0","0","2"
"6158","-2","3","-27","0","0","2"
"6162","-2","3","-27","0","-1","-1"
"6170","-2","1","-29","0","-1","-1"
"6170","-2","1","-29","0","0","1"
"6178","-1","1","-32","0","0","1"
"6182","-1","1","-32","2","2","-1"
"6191","-1","1","-30","2","2","-1"
"6191","-1","1","-30","3","0","2"
"6199","-2","3","-30","3","0","2"
"6199","-2","3","-30","3","0","-1"
"6211","-1","2","-28","3","0","-1"
"6211","-1","2","-28","0","0","1"
"6219","0","3","-27","0","0","1"
"6219","0","3","-27","3","0","2"
"6231","0","2","-30","3","0","2"
"6232","0","2","-30","1","0","0"
"6240","0","3","-32","1","0","0"
"6240","0","3","-32","2","-1","2"
"6248","-2","2","-27","2","-1","2"
"6252","-2","2","-27","0","2","-2"
"6260","-1","1","-31","0","2","-2"
"6260","-1","1","-31","0","1","1"
"6269","0","1","-27","0","1","1"
"6272","0","1","-27","0","1","0"
"6281","-3","4","-31","0","1","0"
"6281","-3","4","-31","-2","0","-1"
"6289","0","2","-29","-2","0","-1"
"6289","0","2","-29","1","2","0"
"6301","-4","0","-29","1","2","0"
"6302","-4","0","-29","2","0","-1"
"6310","-2","2","-29","2","0","-1"
"6310","-2","2","-29","2","0","0"
"6322","-1","5","-30","2","0","0"
"6322","-1","5","-30","1","2","5"
"6330","-2","4","-31","1","2","5"
"6330","-2","4","-31","3","-1","0"
"6338","-1","1","-31","3","-1","0"
"6342","-1","1","-31","0","-1","1"
"6350","0","1","-28","0","-1","1"
"6351","0","1","-28","3","0","-1"
"6359","0","2","-31","3","0","-1"
"6363","0","2","-31","1","1","1"
"6371","-1","0","-28","1","1","1"
"6371","-1","0","-28","1","-1","0"
"6379","0","2","-33","1","-1","0"
"6379","0","2","-33","4","2","-2"
"6391","-1","1","-30","4","2","-2"
"6392","-1","1","-30","-1","1","1"
"6400","-1","3","-31","-1","1","1"
"6400","-1","3","-31","2","0","-1"
"6412","-2","1","-26","2","0","-1"
"6412","-2","1","-26","3","-2","-1"
"6420","-1","4","-30","3","-2","-1"
"6420","-1","4","-30","1","-1","-1"
"6428","-1","0","-31","1","-1","-1"
"6432","-1","0","-31","5","1","1"
"6441","-2","1","-28","5","1","1"
"6441","-2","1","-28","1","1","1"
"6449","-1","0","-28","1","1","1"
"6452","-1","0","-28","-1","3","0"
"6461","-2","0","-27","-1","3","0"
"6461","-2","0","-27","-3","1","2"
"6469","-1","0","-28","-3","1","2"
"6469","-1","0","-28","1","0","1"
"6482","0","4","-31","1","0","1"
"6482","0","4","-31","0","0","-1"
"6490","-1","0","-31","0","0","-1"
"6490","-1","0","-31","1","-3","1"
"6502","0","1","-30","1","-3","1"
"6502","0","1","-30","0","0","2"
"6510","0","1","-27","0","0","2"
"6510","0","1","-27","2","0","1"
"6518","-3","1","-29","2","0","1"
"6522","-3","1","-29","3","-1","-2"
"6531","0","1","-31","3","-1","-2"
"6531","0","1","-31","2","-4","1"
"6539","-1","1","-29","2","-4","1"
"6543","-1","1","-29","1","1","1"
"6551","0","2","-28","1","1","1"
"6551","0","2","-28","1","-1","-2"
"6559","-2","0","-26","1","-1","-2"
"6560","-2","0","-26","-1","1","-1"
"6572","-2","3","-27","-1","1","-1"
"6572","-2","3","-27","0","0","-1"
"6580","-1","2","-27","0","0","-1"
"6580","-1","2","-27","0","1","2"
"6592","-2","1","-31","0","1","2"
"6592","-2","1","-31","-1","0","1"
"6600","0","0","-29","-1","0","1"
"6601","0","0","-29","2","-1","3"
"6609","-1","1","-30","2","-1","3"
"6613","-1","1","-30","1","0","1"
"6621","-3","0","-28","1","0","1"
"6621","-3","0","-28","1","2","1"
"6629","-1","2","-30","1","2","1"
"6633","-1","2","-30","1","-2","-1"
"6641","-1","2","-27","1","-2","-1"
"6642","-1","2","-27","2","-2","1"
"6650","-1","5","-29","2","-2","1"
"6650","-1","5","-29","2","2","-3"
"6662","-2","3","-28","2","2","-3"
"6662","-2","3","-28","1","0","0"
"6670","-2","0","-29","1","0","0"
"6670","-2","0","-29","-1","3","-1"
"6682","-1","1","-31","-1","3","-1"
"6682","-1","1","-31","-3","2","-1"
"6690","-2","2","-28","-3","2","-1"
"6690","-2","2","-28","0","1","0"
"6702","-1","1","-28","0","1","0"
"6702","-1","1","-28","0","-2","-1"
"6710","-2","2","-31","0","-2","-1"
"6710","-2","2","-31","-1","-2","-1"
"6718","-1","1","-30","-1","-2","-1"
"6722","-1","1","-30","2","-3","1"
"6730","-2","1","-31","2","-3","1"
"6731","-2","1","-31","3","-1","-1"
"6739","-2","2","-29","3","-1","-1"
"6742","-2","2","-29","-1","1","-1"
"6751","-2","1","-28","-1","1","-1"
"6751","-2","1","-28","-2","1","0"
"6759","0","2","-28","-2","1","0"
"6759","0","2","-28","-2","-1","0"
"6771","-2","2","-27","-2","-1","0"
"6771","-2","2","-27","-1","0","1"
"6780","-1","0","-29","-1","0","1"
"6780","-1","0","-29","0","1","-1"
"6792","-2","0","-28","0","1","-1"
"6792","-2","0","-28","-1","0","-2"
"6800","0","1","-26","-1","0","-2"
"6800","0","1","-26","2","-2","2"
"6808","-1","0","-29","2","-2","2"
"6812","-1","0","-29","-1","1","1"
"6821","0","3","-29","-1","1","1"
"6821","0","3","-29","2","0","1"
"6829","-2","2","-28","2","0","1"
"6833","-2","2","-28","0","1","-1"
"6841","0","2","-31","0","1","-1"
"6841","0","2","-31","0","1","1"
"6849","-2","3","-28","0","1","1"
"6850","-2","3","-28","2","0","1"
"6861","-2","1","-28","2","0","1"
"6862","-2","1","-28","-2","2","1"
"6870","-1","1","-30","-2","2","1"
"6870","-1","1","-30","0","0","1"
"6878","-1","2","-33","0","0","1"
"6882","-1","2","-33","2","0","-1"
"6890","-1","3","-30","2","0","-1"
"6890","-1","3","-30","-3","1","-1"
"6898","-1","0","-29","-3","1","-1"
"6903","-1","0","-29","3","-2","-2"
"6911","-3","1","-29","3","-2","-2"
"6911","-3","1","-29","6","-2","-2"
"6919","-1","1","-28","6","-2","-2"
"6923","-1","1","-28","0","0","-1"
"6931","-2","0","-31","0","0","-1"
"6931","-2","0","-31","-2","3","0"
"6939","-2","1","-30","-2","3","0"
"6939","-2","1","-30","2","1","-1"
"6952","-1","0","-26","2","1","-1"
"6952","-1","0","-26","2","-2","-1"
"6960","-2","1","-30","2","-2","-1"
"6960","-2","1","-30","1","0","0"
"6972","-1","3","-30","1","0","0"
"6972","-1","3","-30","-2","0","-1"
"6980","-1","2","-31","-2","0","-1"
"6981","-1","2","-31","-2","-1","1"
"6988","-2","1","-29","-2","-1","1"
"6993","-2","1","-29","-1","0","2"
"7001","0","1","-28","-1","0","2"
"7001","0","1","-28","2","-1","0"
"7009","1","1","-28","2","-1","0"
"7013","1","1","-28","2","-3","-1"
"7021","-1","2","-28","2","-3","-1"
"7021","-1","2","-28","0","0","1"
"7029","-1","0","-32","0","0","1"
"7030","-1","0","-32","0","-1","0"
"7042","-3","1","-28","0","-1","0"
"7042","-3","1","-28","0","0","-1"
"7050","-1","4","-29","0","0","-1"
"7050","-1","4","-29","-2","1","1"
"7062","-1","2","-31","-2","1","1"
"7062","-1","2","-31","-1","1","0"
"7070","-2","1","-29","-1","1","0"
"7071","-2","1","-29","-2","1","0"
"7079","-3","1","-32","-2","1","0"
"7083","-3","1","-32","1","-1","2"
"7091","-1","2","-29","1","-1","2"
"7091","-1","2","-29","1","1","2"
"7099","-2","1","-28","1","1","2"
"7103","-2","1","-28","2","2","-1"
"7111","-2","1","-29","2","2","-1"
"7112","-2","1","-29","-1","2","0"
"7120","-2","4","-31","-1","2","0"
"7120","-2","4","-31","-1","1","2"
"7132","-4","3","-31","-1","1","2"
"7132","-4","3","-31","3","2","-1"
"7140","-1","1","-31","3","2","-1"
"7140","-1","1","-31","-1","1","3"
"7152","-1","1","-28","-1","1","3"
"7152","-1","1","-28","-2","-1","1"
"7160","0","2","-27","-2","-1","1"
"7160","0","2","-27","2","0","0"
"7169","-2","1","-28","2","0","0"
"7173","-2","1","-28","0","0","0"
"7181","-2","1","-31","0","0","0"
"7181","-2","1","-31","2","-2","0"
"7189","-1","0","-29","2","-2","0"
"7193","-1","0","-29","0","0","-2"
"7201","-2","1","-28","0","0","-2"
"7202","-2","1","-28","-3","0","1"
"7210","-1","0","-30","-3","0","1"
"7210","-1","0","-30","0","0","0"
"7222","-2","1","-28","0","0","0"
"7222","-2","1","-28","1","0","1"
"7230","-3","1","-30","1","0","1"
"7230","-3","1","-30","-2","2","1"
"7242","-2","2","-28","-2","2","1"
"7242","-2","2","-28","2","-1","0"
"7251","-1","0","-28","2","-1","0"
"7251","-1","0","-28","1","1","2"
"7259","0","3","-27","1","1","2"
"7263","0","3","-27","1","0","0"
"7271","0","1","-30","1","0","0"
"7271","0","1","-30","2","-2","-1"
"7279","-2","1","-31","2","-2","-1"
"7283","-2","1","-31","-1","0","-1"
"7292","-4","2","-30","-1","0","-1"
"7292","-4","2","-30","-2","-2","-1"
"7300","-3","1","-28","-2","-2","-1"
"7304","-3","1","-28","1","1","-3"
"7312","-3","0","-31","1","1","-3"
"7312","-3","0","-31","1","-1","-2"
"7320","0","0","-27","1","-1","-2"
"7320","0","0","-27","0","1","1"
"7333","-5","5","-39","0","1","1"
"7333","-5","5","-39","4","-1","-1"
"7341","0","0","-25","4","-1","-1"
"7341","0","0","-25","-1","2","-1"
"7353","-3","-2","-21","-1","2","-1"
"7353","-3","-2","-21","-1","-1","1"
"7361","-1","5","-28","-1","-1","1"
"7361","-1","5","-28","1","1","1"
"7369","0","-1","-30","1","1","1"
"7373","0","-1","-30","0","0","0"
"7382","-2","5","-30","0","0","0"
"7382","-2","5","-30","1","0","-2"
"7390","0","9","-29","1","0","-2"
"7394","0","9","-29","2","-2","1"
"7402","-2","-2","-27","2","-2","1"
"7402","-2","-2","-27","-3","2","-1"
"7410","-2","3","-30","-3","2","-1"
"7410","-2","3","-30","1","1","2"
"7423","0","4","-29","1","1","2"
"7423","0","4","-29","0","1","0"
"7431","-2","0","-26","0","1","0"
"7431","-2","0","-26","-3","1","-1"
"7443","4","3","-30","-3","1","-1"
"7443","4","3","-30","-1","-2","-1"
"7451","-4","3","-32","-1","-2","-1"
"7452","-4","3","-32","0","1","-1"
"7459","-3","-5","-28","0","1","-1"
"7463","-3","-5","-28","1","1","-1"
"7472","2","4","-25","1","1","-1"
"7472","2","4","-25","3","-1","0"
"7480","-6","2","-35","3","-1","0"
"7484","-6","2","-35","0","-1","0"
"7492","-1","-1","-26","0","-1","0"
"7493","-1","-1","-26","0","0","-1"
"7501","0","3","-28","0","0","-1"
"7501","0","3","-28","2","-1","2"
"7513","-2","1","-25","2","-1","2"
"7513","-2","1","-25","2","1","3"
"7521","-1","-2","-22","2","1","3"
"7521","-1","-2","-22","0","2","1"
"7533","-2","4","-32","0","2","1"
"7533","-2","4","-32","1","2","0"
"7542","-3","-5","-25","1","2","0"
"7542","-3","-5","-25","1","-3","1"
"7554","-4","2","-25","1","-3","1"
"7554","-4","2","-25","5","-3","-3"
"7562","-2","5","-27","5","-3","-3"
"7562","-2","5","-27","4","0","1"
"7570","-1","2","-33","4","0","1"
"7574","-1","2","-33","0","1","0"
"7582","-2","0","-31","0","1","0"
"7582","-2","0","-31","-2","3","1"
"7591","-1","4","-27","-2","3","1"
"7591","-1","4","-27","2","-1","-1"
"7603","0","0","-25","2","-1","-1"
"7603","0","0","-25","2","0","-1"
"7611","-1","0","-31","2","0","-1"
"7611","-1","0","-31","-1","1","1"
"7623","1","1","-30","-1","1","1"
"7623","1","1","-30","0","1","2"
"7632","-2","2","-26","0","1","2"
"7632","-2","2","-26","0","1","-1"
"7643","-2","1","-29","0","1","-1"
"7644","-2","1","-29","1","2","0"
"7652","1","1","-31","1","2","0"
"7652","1","1","-31","1","0","1"
"7660","1","1","-31","1","0","1"
"7660","1","1","-31","1","0","1"
"7673","0","2","-30","1","0","1"
"7673","0","2","-30","-1","-1","0"
"7681","-2","0","-31","-1","-1","0"
"7681","-2","0","-31","0","-2","0"
"7693","-3","0","-29","0","-2","0"
"7694","-3","0","-29","0","-1","2"
"7701","-1","3","-30","0","-1","2"
"7701","-1","3","-30","-2","0","-1"
"7713","-3","2","-30","-2","0","-1"
"7714","-3","2","-30","-2","-2","1"
"7722","-2","1","-30","-2","-2","1"
"7722","-2","1","-30","-2","0","0"
"7730","0","1","-28","-2","0","0"
"7734","0","1","-28","0","-1","0"
"7742","-2","3","-31","0","-1","0"
"7743","-2","3","-31","-1","1","1"
"7750","-1","2","-30","-1","1","1"
"7754","-1","2","-30","1","-3","-1"
"7763","-2","-1","-27","1","-3","-1"
"7763","-2","-1","-27","1","-3","-1"
"7771","-1","2","-30","1","-3","-1"
"7775","-1","2","-30","-1","0","0"
"7783","0","1","-32","-1","0","0"
"7783","0","1","-32","2","0","3"
"7791","0","0","-32","2","0","3"
"7792","0","0","-32","-1","3","1"
"7804","0","-1","-29","-1","3","1"
"7804","0","-1","-29","1","2","3"
"7812","-3","5","-31","1","2","3"
"7812","-3","5","-31","3","3","2"
"7824","-2","1","-28","3","3","2"
"7824","-2","1","-28","0","1","0"
"7832","-2","0","-28","0","1","0"
"7832","-2","0","-28","-3","2","1"
"7840","-1","7","-28","-3","2","1"
"7844","-1","7","-28","-1","1","2"
"7853","-2","4","-30","-1","1","2"
"7853","-2","4","-30","-3","3","1"
"7861","-2","4","-30","-3","3","1"
"7861","-2","4","-30","-3","3","1"
"7873","0","0","-28","-3","3","1"
"7873","0","0","-28","-2","3","1"
"7881","-2","5","-30","-2","3","1"
"7882","-2","5","-30","0","2","1"
"7894","-2","3","-30","0","2","1"
"7894","-2","3","-30","-1","2","1"
"7902","-4","1","-29","-1","2","1"
"7902","-4","1","-29","-3","-1","0"
"7914","-3","1","-28","-3","-1","0"
"7914","-3","1","-28","-3","-1","0"
"7922","-2","1","-30","-3","-1","0"
"7923","-2","1","-30","-1","-1","-1"
"7931","-2","0","-31","-1","-1","-1"
"7934","-2","0","-31","-2","2","0"
"7943","-2","2","-26","-2","2","0"
"7943","-2","2","-26","-2","0","0"
"7951","-2","1","-29","-2","0","0"
"7955","-2","1","-29","-1","0","0"
"7959","-2","1","-29","-1","0","0"
"7963","-2","1","-29","-1","0","0"
"7972","-2","1","-27","-1","0","0"
"7972","-2","1","-27","-2","3","2"
"7984","0","4","-30","-2","3","2"
"7984","0","4","-30","2","1","1"
"7992","-1","3","-30","2","1","1"
"7992","-1","3","-30","0","-2","0"
"8004","-1","2","-31","0","-2","0"
"8005","-1","2","-31","0","-1","1"
"8013","-1","2","-31","0","-1","1"
"8013","-1","2","-31","0","-1","1"
"8021","-1","4","-28","0","-1","1"
"8025","-1","4","-28","-1","-1","1"
"8033","-2","2","-31","-1","-1","1"
"8033","-2","2","-31","-1","-1","1"
"8041","0","2","-31","-1","-1","1"
"8045","0","2","-31","-2","-2","1"
"8054","-3","1","-26","-2","-2","1"
"8054","-3","1","-26","-2","-2","1"
"8062","-3","1","-26","-2","-2","1"
"8062","-3","1","-26","-4","1","2"
"8074","-2","1","-29","-4","1","2"
"8074","-2","1","-29","2","2","0"
"8082","-2","0","-30","2","2","0"
"8082","-2","0","-30","0","-2","1"
"8094","-2","3","-29","0","-2","1"
"8095","-2","3","-29","0","-2","1"
"8103","-1","2","-25","0","-2","1"
"8103","-1","2","-25","-2","-1","0"
"8111","-1","2","-25","-2","-1","0"
"8114","-1","2","-25","-1","1","0"
"8123","0","0","-31","-1","1","0"
"8123","0","0","-31","0","1","1"
"8131","-2","2","-31","0","1","1"
"8135","-2","2","-31","-2","-2","0"
"8144","-1","3","-31","-2","-2","0"
"8144","-1","3","-31","2","-2","2"
"8152","-1","2","-30","2","-2","2"
"8156","-1","2","-30","-1","-2","-1"
"8160","-1","2","-30","-1","-2","-1"
"8160","-1","2","-30","3","3","1"
"8172","-1","4","-32","3","3","1"
"8172","-1","4","-32","3","0","2"
"8185","-2","2","-30","3","0","2"
"8185","-2","2","-30","0","0","-1"
"8193","-1","2","-26","0","0","-1"
"8193","-1","2","-26","3","-1","2"
"8205","-2","2","-30","3","-1","2"
"8205","-2","2","-30","-1","0","0"
"8209","-2","2","-30","-1","0","0"
"8213","-2","2","-30","0","3","0"
"8221","-2","1","-29","0","3","0"
"8225","-2","1","-29","0","3","-3"
"8234","-3","1","-30","0","3","-3"
"8234","-3","1","-30","0","2","-2"
"8242","-2","1","-29","0","2","-2"
"8246","-2","1","-29","-1","-2","0"
"8254","-1","1","-29","-1","-2","0"
"8254","-1","1","-29","-2","1","-4"
"8262","-1","1","-29","-2","1","-4"
"8262","-1","1","-29","1","3","-2"
"8275","-1","1","-29","1","3","-2"
"8275","-1","1","-29","2","0","-1"
"8283","0","4","-29","2","0","-1"
"8283","0","4","-29","1","0","-1"
"8295","0","2","-29","1","0","-1"
"8295","0","2","-29","1","0","0"
"8303","-2","5","-30","1","0","0"
"8304","-2","5","-30","-2","2","-3"
"8312","-2","5","-30","-2","2","-3"
"8315","-2","5","-30","-3","0","1"
"8324","0","4","-31","-3","0","1"
"8324","0","4","-31","0","-1","-2"
"8332","-2","1","-29","0","-1","-2"
"8336","-2","1","-29","-3","0","-2"
"8344","-2","1","-32","-3","0","-2"
"8344","-2","1","-32","0","0","-1"
"8353","-2","3","-28","0","0","-1"
"8356","-2","3","-28","-1","0","-1"
"8361","-2","3","-28","-1","0","-1"
"8361","-2","3","-28","1","1","0"
"8373","-2","1","-31","1","1","0"
"8373","-2","1","-31","-2","0","-1"
"8385","-2","2","-32","-2","0","-1"
"8385","-2","2","-32","-2","0","-1"
"8393","0","2","-30","-2","0","-1"
"8394","0","2","-30","-3","0","-2"
"8406","-2","1","-27","-3","0","-2"
"8406","-2","1","-27","3","-2","-2"
"8410","-2","1","-27","3","-2","-2"
"8414","-2","1","-27","2","-2","0"
"8422","-1","3","-29","2","-2","0"
"8426","-1","3","-29","2","1","1"
"8434","-1","4","-30","2","1","1"
"8435","-1","4","-30","0","0","0"
"8443","-1","3","-28","0","0","0"
"8443","-1","3","-28","1","1","1"
"8455","-2","1","-31","1","1","1"
"8455","-2","1","-31","-3","3","2"
"8459","-2","1","-31","-3","3","2"
"8463","-2","1","-31","-2","2","2"
"8475","-1","2","-27","-2","2","2"
"8476","-1","2","-27","0","1","-1"
"8484","-1","1","-30","0","1","-1"
"8484","-1","1","-30","0","2","-1"
"8496","-2","0","-28","0","2","-1"
"8496","-2","0","-28","-3","4","-1"
"8504","-2","2","-27","-3","4","-1"
"8504","-2","2","-27","-4","0","-2"
"8512","-2","2","-27","-4","0","-2"
"8512","-2","2","-27","1","2","-1"
"8524","-2","1","-30","1","2","-1"
"8525","-2","1","-30","-2","2","-1"
"8533","0","1","-31","-2","2","-1"
"8533","0","1","-31","-3","3","0"
"8545","-1","2","-31","-3","3","0"
"8545","-1","2","-31","0","1","-1"
"8553","-3","4","-28","0","1","-1"
"8553","-3","4","-28","-1","1","0"
"8561","-3","4","-28","-1","1","0"
"8562","-3","4","-28","1","2","1"
"8574","-1","3","-29","1","2","1"
"8574","-1","3","-29","-1","1","-1"
"8586","-2","2","-31","-1","1","-1"
"8586","-2","2","-31","-2","0","1"
"8594","-1","4","-29","-2","0","1"
"8594","-1","4","-29","0","0","-1"
"8602","-2","1","-30","0","0","-1"
"8606","-2","1","-30","2","-2","-2"
"8611","-2","1","-30","2","-2","-2"
"8611","-2","1","-30","0","0","-1"
"8623","-1","1","-30","0","0","-1"
"8627","-1","1","-30","-2","2","0"
"8635","-1","1","-32","-2","2","0"
"8635","-1","1","-32","2","-3","0"
"8643","-2","0","-29","2","-3","0"
"8643","-2","0","-29","0","-1","0"
"8656","-2","1","-31","0","-1","0"
"8656","-2","1","-31","-1","0","4"
"8660","-2","1","-31","-1","0","4"
"8664","-2","1","-31","-1","2","0"
"8676","-3","3","-30","-1","2","0"
"8676","-3","3","-30","-5","3","-1"
"8684","-2","1","-29","-5","3","-1"
"8685","-2","1","-29","-2","-1","-2"
"8693","-2","2","-28","-2","-1","-2"
"8696","-2","2","-28","-3","-1","-2"
"8705","-3","2","-28","-3","-1","-2"
"8705","-3","2","-28","-2","2","-2"
"8713","-3","2","-28","-2","2","-2"
"8713","-3","2","-28","3","-1","-1"
"8725","0","0","-29","3","-1","-1"
"8725","0","0","-29","0","1","-3"
"8734","-1","2","-30","0","1","-3"
"8734","-1","2","-30","2","0","-3"
"8746","-2","2","-28","2","0","-3"
"8746","-2","2","-28","-1","0","-3"
"8754","-2","1","-30","-1","0","-3"
"8754","-2","1","-30","1","-1","0"
"8762","-2","1","-30","1","-1","0"
"8762","-2","1","-30","2","-2","-1"
"8774","-1","1","-27","2","-2","-1"
"8775","-1","1","-27","0","0","-1"
"8783","-2","1","-30","0","0","-1"
"8787","-2","1","-30","-2","-1","0"
"8795","-1","1","-27","-2","-1","0"
"8795","-1","1","-27","0","-2","0"
"8803","-1","0","-27","0","-2","0"
"8807","-1","0","-27","0","1","-2"
"8811","-1","0","-27","0","1","-2"
"8811","-1","0","-27","-1","0","-3"
"8823","-1","3","-29","-1","0","-3"
"8823","-1","3","-29","0","0","-1"
"8836","-3","1","-32","0","0","-1"
"8836","-3","1","-32","3","0","0"
"8844","0","2","-30","3","0","0"
"8844","0","2","-30","3","0","0"
"8856","-2","1","-28","3","0","0"
"8856","-2","1","-28","-1","1","0"
"8860","-2","1","-28","-1","1","0"
"8864","-2","1","-28","-3","0","-3"
"8873","-2","3","-32","-3","0","-3"
"8877","-2","3","-32","-3","1","1"
"8885","-1","1","-28","-3","1","1"
"8885","-1","1","-28","3","0","1"
"8893","-2","1","-31","3","0","1"
"8897","-2","1","-31","2","-2","0"
"8906","-3","2","-30","2","-2","0"
"8906","-3","2","-30","-3","-3","-3"
"8914","-3","2","-30","-3","-3","-3"
"8914","-3","2","-30","0","-2","-1"
"8926","-3","1","-29","0","-2","-1"
"8926","-3","1","-29","-1","0","0"
"8934","0","1","-31","-1","0","0"
"8934","0","1","-31","1","-3","-2"
"8946","-1","3","-28","1","-3","-2"
"8947","-1","3","-28","-1","-2","-3"
"8955","-2","1","-28","-1","-2","-3"
"8955","-2","1","-28","1","-2","-1"
"8963","-2","1","-28","1","-2","-1"
"8963","-2","1","-28","1","0","2"
"8975","-2","2","-30","1","0","2"
"8975","-2","2","-30","1","2","0"
"8983","-2","4","-28","1","2","0"
"8987","-2","4","-28","1","0","-3"
"8996","-1","3","-29","1","0","-3"
"8996","-1","3","-29","1","0","-1"
"9004","-1","1","-30","1","0","-1"
"9008","-1","1","-30","0","-3","-1"
"9012","-1","1","-30","0","-3","-1"
"9012","-1","1","-30","2","-1","0"
"9024","-4","1","-32","2","-1","0"
"9024","-4","1","-32","0","0","0"
"9036","-3","3","-29","0","0","0"
"9037","-3","3","-29","-1","-2","-1"
"9045","0","1","-31","-1","-2","-1"
"9045","0","1","-31","-3","1","1"
"9057","-3","1","-31","-3","1","1"
"9057","-3","1","-31","-2","0","0"
"9061","-3","1","-31","-2","0","0"
"9065","-3","1","-31","0","-1","-2"
"9073","-2","0","-29","0","-1","-2"
"9077","-2","0","-29","1","0","-3"
"9086","-2","1","-29","1","0","-3"
"9086","-2","1","-29","-2","1","2"
"9094","-1","1","-30","-2","1","2"
"9098","-1","1","-30","-4","-2","0"
"9106","-1","1","-30","-4","-2","0"
"9106","-1","1","-30","3","-4","1"
"9114","-1","1","-30","3","-4","1"
"9114","-1","1","-30","1","-1","-1"
"9126","-2","0","-27","1","-1","-1"
"9127","-2","0","-27","-2","-2","-1"
"9135","-2","2","-32","-2","-2","-1"
"9135","-2","2","-32","-1","-3","-2"
"9143","-1","2","-31","-1","-3","-2"
"9147","-1","2","-31","-1","0","0"
"9155","-3","0","-30","-1","0","0"
"9156","-3","0","-30","0","-3","-2"
"9164","-3","0","-30","0","-3","-2"
"9164","-3","0","-30","2","-1","0"
"9176","-1","3","-29","2","-1","0"
"9176","-1","3","-29","1","0","0"
"9184","-1","3","-29","1","0","0"
"9184","-1","3","-29","1","1","1"
"9196","-2","1","-34","1","1","1"
"9196","-2","1","-34","2","0","1"
"9204","-2","3","-30","2","0","1"
"9205","-2","3","-30","-1","1","1"
"9213","-2","3","-30","-1","1","1"
"9213","-2","3","-30","0","0","1"
"9225","-2","1","-29","0","0","1"
"9225","-2","1","-29","0","-1","0"
"9237","-2","1","-29","0","-1","0"
"9237","-2","1","-29","1","3","-1"
"9245","-2","0","-30","1","3","-1"
"9246","-2","0","-30","2","1","2"
"9254","-2","2","-26","2","1","2"
"9257","-2","2","-26","-1","-1","1"
"9262","-2","2","-26","-1","-1","1"
"9262","-2","2","-26","1","2","0"
"9274","0","1","-28","1","2","0"
"9274","0","1","-28","0","2","0"
"9286","-2","1","-30","0","2","0"
"9287","-2","1","-30","1","0","-1"
"9295","-2","2","-30","1","0","-1"
"9295","-2","2","-30","0","2","0"
"9307","0","2","-28","0","2","0"
"9307","0","2","-28","-1","0","0"
"9311","0","2","-28","-1","0","0"
"9315","0","2","-28","0","-1","2"
"9323","0","1","-29","0","-1","2"
"9327","0","1","-29","0","2","0"
"9336","0","1","-28","0","2","0"
"9336","0","1","-28","-3","-2","-1"
"9344","-1","3","-32","-3","-2","-1"
"9348","-1","3","-32","0","0","-1"
"9356","-1","1","-28","0","0","-1"
"9356","-1","1","-28","-4","2","1"
"9360","-2","2","-29","-4","2","1"
"9364","-2","2","-29","1","0","0"
"9376","-2","2","-29","1","0","0"
"9377","-2","2","-29","1","1","0"
"9385","0","2","-32","1","1","0"
"9385","0","2","-32","0","1","0"
"9393","0","1","-31","0","1","0"
"9393","0","1","-31","-2","1","1"
"9405","1","3","-30","-2","1","1"
"9405","1","3","-30","-1","1","1"
"9409","-2","1","-31","-1","1","1"
"9413","-2","1","-31","1","-1","-2"
"9426","-2","2","-30","1","-1","-2"
"9426","-2","2","-30","0","0","0"
"9434","-2","1","-29","0","0","0"
"9434","-2","1","-29","-1","0","2"
"9442","-1","2","-31","-1","0","2"
"9442","-1","2","-31","1","1","-1"
"9454","-2","2","-26","1","1","-1"
"9458","-2","2","-26","-2","0","0"
"9463","-2","2","-26","-2","0","0"
"9463","-2","2","-26","1","0","-2"
"9471","-2","3","-30","1","0","-2"
"9475","-2","3","-30","1","-1","0"
"9483","-2","0","-31","1","-1","0"
"9483","-2","0","-31","2","-1","-1"
"9491","-2","1","-28","2","-1","-1"
"9491","-2","1","-28","-1","2","0"
"9499","-2","0","-33","-1","2","0"
"9503","-2","0","-33","-1","2","-2"
"9512","-2","2","-29","-1","2","-2"
"9512","-2","2","-29","1","2","0"
"9520","-1","2","-28","1","2","0"
"9524","-1","2","-28","0","0","-1"
"9532","-1","0","-27","0","0","-1"
"9532","-1","0","-27","0","-3","-2"
"9540","-2","1","-31","0","-3","-2"
"9541","-2","1","-31","-1","0","0"
"9549","-3","2","-29","-1","0","0"
"9553","-3","2","-29","2","2","-1"
"9561","-1","1","-30","2","2","-1"
"9561","-1","1","-30","2","-2","-1"
"9569","0","0","-26","2","-2","-1"
"9573","0","0","-26","-1","1","0"
"9581","-2","4","-30","-1","1","0"
"9582","-2","4","-30","1","-1","-3"
"9590","-2","2","-28","1","-1","-3"
"9590","-2","2","-28","2","1","1"
"9601","-1","1","-30","2","1","1"
"9602","-1","1","-30","-1","0","-1"
"9610","-1","1","-29","-1","0","-1"
"9610","-1","1","-29","-2","0","3"
"9618","-2","2","-29","-2","0","3"
"9622","-2","2","-29","0","1","-1"
"9631","-1","1","-28","0","1","-1"
"9631","-1","1","-28","0","1","0"
"9639","-1","1","-33","0","1","0"
"9643","-1","1","-33","-2","1","-1"
"9651","-1","0","-30","-2","1","-1"
"9651","-1","0","-30","1","0","4"
"9659","-4","1","-31","1","0","4"
"9659","-4","1","-31","0","1","-1"
"9671","-2","2","-28","0","1","-1"
"9672","-2","2","-28","-1","1","0"
"9680","-1","4","-28","-1","1","0"
"9680","-1","4","-28","0","0","3"
"9692","0","2","-32","0","0","3"
"9692","0","2","-32","1","-1","2"
"9700","-2","1","-30","1","-1","2"
"9700","-2","1","-30","-4","-1","2"
"9708","-3","1","-28","-4","-1","2"
"9712","-3","1","-28","-3","1","3"
"9721","-2","4","-29","-3","1","3"
"9721","-2","4","-29","0","-3","-3"
"9729","-2","2","-29","0","-3","-3"
"9733","-2","2","-29","0","2","-2"
"9741","-1","3","-31","0","2","-2"
"9741","-1","3","-31","-3","0","2"
"9749","0","2","-31","-3","0","2"
"9749","0","2","-31","2","-1","0"
"9762","-1","1","-32","2","-1","0"
"9762","-1","1","-32","1","0","1"
"9770","-1","2","-29","1","0","1"
"9770","-1","2","-29","2","0","2"
"9782","-1","1","-26","2","0","2"
"9782","-1","1","-26","1","1","0"
"9790","-2","1","-30","1","1","0"
"9790","-2","1","-30","1","0","1"
"9798","-2","2","-32","1","0","1"
"9802","-2","2","-32","0","-3","2"
"9811","0","1","-28","0","-3","2"
"9811","0","1","-28","0","0","1"
"9819","-2","1","-31","0","0","1"
"9823","-2","1","-31","2","-1","-2"
"9831","-2","5","-31","2","-1","-2"
"9831","-2","5","-31","-3","1","2"
"9839","-1","1","-29","-3","1","2"
"9840","-1","1","-29","-2","0","-1"
"9852","-1","1","-26","-2","0","-1"
"9852","-1","1","-26","-2","1","1"
"9860","-1","1","-29","-2","1","1"
"9860","-1","1","-29","-1","-1","0"
"9872","-2","3","-28","-1","-1","0"
"9872","-2","3","-28","1","2","2"
"9880","0","0","-26","1","2","2"
"9881","0","0","-26","1","0","2"
"9889","-2","3","-28","1","0","2"
"9893","-2","3","-28","2","-2","0"
"9901","-3","1","-29","2","-2","0"
"9901","-3","1","-29","1","2","0"
"9909","-3","1","-30","1","2","0"
"9913","-3","1","-30","1","0","1"
"9921","-1","0","-29","1","0","1"
"9921","-1","0","-29","0","0","1"
"9930","-1","2","-29","0","0","1"
"9930","-1","2","-29","0","1","2"
"9942","-1","2","-29","0","1","2"
"9942","-1","2","-29","1","2","1"
"9950","-2","5","-30","1","2","1"
"9950","-2","5","-30","2","1","3"
"9962","-1","1","-28","2","1","3"
"9962","-1","1","-28","1","2","0"
"9971","-2","1","-29","1","2","0"
"9971","-2","1","-29","2","-1","-1"
"9978","-2","2","-30","2","-1","-1"
"9982","-2","2","-30","5","-3","1"
"9991","-2","2","-30","5","-3","1"
"9991","-2","2","-30","1","0","2"
"9999","-1","3","-29","1","0","2"
"10003","-1","3","-29","2","-1","2"
"10012","-1","5","-30","2","-1","2"
"10012","-1","5","-30","2","2","0"
"10019","-2","1","-28","2","2","0"
"10020","-2","1","-28","-1","-2","-2"
"10032","-2","1","-28","-1","-2","-2"
"10032","-2","1","-28","-1","-1","0"
"10040","-1","1","-31","-1","-1","0"
"10040","-1","1","-31","1","1","2"
"10048","0","2","-29","1","1","2"
"10052","0","2","-29","1","2","0"
"10061","0","1","-27","1","2","0"
"10061","0","1","-27","-1","1","-3"
"10069","-2","0","-30","-1","1","-3"
"10073","-2","0","-30","-2","-2","1"
"10081","-1","1","-27","-2","-2","1"
"10081","-1","1","-27","-2","2","0"
"10089","-2","0","-30","-2","2","0"
"10090","-2","0","-30","-1","4","1"
"10102","-1","1","-29","-1","4","1"
"10102","-1","1","-29","0","2","-1"
"10110","-2","1","-29","0","2","-1"
"10110","-2","1","-29","2","-2","-1"
"10122","-2","2","-30","2","-2","-1"
"10122","-2","2","-30","1","1","0"
"10130","-1","2","-30","1","1","0"
"10130","-1","2","-30","2","-1","-1"
"10138","-2","2","-31","2","-1","-1"
"10142","-2","2","-31","2","2","1"
"10151","-4","2","-30","2","2","1"
"10151","-4","2","-30","2","2","0"
"10159","0","2","-28","2","2","0"
"10163","0","2","-28","4","-1","0"
"10171","-2","3","-30","4","-1","0"
"10171","-2","3","-30","-1","0","0"
"10179","-1","1","-31","-1","0","0"
"10180","-1","1","-31","-1","0","-1"
"10191","-4","3","-31","-1","0","-1"
"10192","-4","3","-31","-2","1","1"
"10200","0","4","-27","-2","1","1"
"10200","0","4","-27","0","0","0"
"10212","-2","0","-32","0","0","0"
"10212","-2","0","-32","0","0","1"
"10220","-1","0","-31","0","0","1"
"10221","-1","0","-31","-4","0","0"
"10228","-2","3","-30","-4","0","0"
"10232","-2","3","-30","-2","-2","-1"
"10240","-2","3","-31","-2","-2","-1"
"10240","-2","3","-31","0","-1","1"
"10248","-1","1","-28","0","-1","1"
"10252","-1","1","-28","-3","1","2"
"10260","-1","1","-28","-3","1","2"
"10261","-1","1","-28","-2","0","5"
"10269","-1","2","-32","-2","0","5"
"10269","-1","2","-32","-1","-2","0"
"10281","-1","1","-30","-1","-2","0"
"10281","-1","1","-30","-1","2","2"
"10289","-2","2","-28","-1","2","2"
"10289","-2","2","-28","0","2","0"
"10301","-1","1","-28","0","2","0"
"10301","-1","1","-28","-3","0","2"
"10310","-1","2","-29","-3","0","2"
"10310","-1","2","-29","0","2","0"
"10318","-2","2","-29","0","2","0"
"10322","-2","2","-29","1","0","-1"
"10330","-2","1","-30","1","0","-1"
"10330","-2","1","-30","-2","0","0"
"10338","-2","1","-34","-2","0","0"
"10342","-2","1","-34","0","-2","0"
"10350","0","1","-28","0","-2","0"
"10351","0","1","-28","-2","-1","-2"
"10359","-1","1","-30","-2","-1","-2"
"10359","-1","1","-30","-1","1","0"
"10371","-3","1","-27","-1","1","0"
"10371","-3","1","-27","0","-1","0"
"10379","-1","2","-31","0","-1","0"
"10379","-1","2","-31","1","1","-1"
"10391","-1","1","-26","1","1","-1"
"10391","-1","1","-26","-1","0","2"
"10400","-1","2","-30","-1","0","2"
"10400","-1","2","-30","-2","-1","-3"
"10408","-2","1","-27","-2","-1","-3"
"10412","-2","1","-27","0","2","-1"
"10420","-1","4","-27","0","2","-1"
"10420","-1","4","-27","1","-1","2"
"10428","-1","0","-29","1","-1","2"
"10432","-1","0","-29","1","-2","1"
"10441","-2","2","-31","1","-2","1"
"10441","-2","2","-31","-3","-3","0"
"10449","-4","2","-28","-3","-3","0"
"10449","-4","2","-28","-2","2","-1"
"10461","-2","1","-29","-2","2","-1"
"10461","-2","1","-29","-2","0","0"
"10469","-1","2","-27","-2","0","0"
"10469","-1","2","-27","-1","-2","-3"
"10481","-1","2","-28","-1","-2","-3"
"10482","-1","2","-28","0","0","-1"
"10490","-2","1","-32","0","0","-1"
"10490","-2","1","-32","-2","1","2"
"10498","-1","2","-29","-2","1","2"
"10502","-1","2","-29","-2","-1","0"
"10510","-2","1","-28","-2","-1","0"
"10510","-2","1","-28","-1","0","1"
"10518","-2","2","-29","-1","0","1"
"10522","-2","2","-29","-2","-1","2"
"10531","-2","2","-29","-2","-1","2"
"10531","-2","2","-29","1","-3","1"
"10539","-2","2","-30","1","-3","1"
"10539","-2","2","-30","4","-1","-1"
"10551","-2","2","-30","4","-1","-1"
"10551","-2","2","-30","0","2","0"
"10560","-2","1","-30","0","2","0"
"10560","-2","1","-30","0","-1","0"
"10567","-1","2","-28","0","-1","0"
"10572","-1","2","-28","-1","1","-2"
"10580","-2","1","-30","-1","1","-2"
"10580","-2","1","-30","-1","1","-1"
"10588","-1","1","-29","-1","1","-1"
"10592","-1","1","-29","1","0","-2"
"10600","-2","2","-29","1","0","-2"
"10600","-2","2","-29","-2","0","1"
"10609","-1","1","-31","-2","0","1"
"10609","-1","1","-31","1","1","-1"
"10621","-2","2","-28","1","1","-1"
"10621","-2","2","-28","1","1","-1"
"10629","-1","1","-29","1","1","-1"
"10629","-1","1","-29","-2","-1","0"
"10641","0","2","-34","-2","-1","0"
"10641","0","2","-34","-1","-1","3"
"10650","-2","2","-29","-1","-1","3"
"10650","-2","2","-29","1","0","0"
"10658","-1","1","-29","1","0","0"
"10662","-1","1","-29","-3","0","-1"
"10670","-1","1","-27","-3","0","-1"
"10670","-1","1","-27","1","-3","-1"
"10678","0","3","-29","1","-3","-1"
"10682","0","3","-29","-2","-3","1"
"10690","-1","3","-30","-2","-3","1"
"10691","-1","3","-30","1","-3","3"
"10699","-2","1","-27","1","-3","3"
"10699","-2","1","-27","-1","0","1"
"10711","-2","1","-29","-1","0","1"
"10711","-2","1","-29","-2","-2","0"
"10719","-1","5","-30","-2","-2","0"
"10719","-1","5","-30","1","0","1"
"10731","-1","1","-28","1","0","1"
"10731","-1","1","-28","2","2","0"
"10740","-2","1","-31","2","2","0"
"10740","-2","1","-31","3","2","3"
"10748","-2","3","-31","3","2","3"
"10752","-2","3","-31","2","2","0"
"10760","0","0","-29","2","2","0"
"10761","0","0","-29","1","-2","-1"
"10768","-1","2","-29","1","-2","-1"
"10772","-1","2","-29","0","0","-1"
"10780","-2","1","-29","0","0","-1"
"10781","-2","1","-29","-1","0","0"
"10789","-2","4","-29","-1","0","0"
"10789","-2","4","-29","-1","-1","-1"
"10801","-1","2","-29","-1","-1","-1"
"10801","-1","2","-29","3","-1","3"
"10809","-2","3","-29","3","-1","3"
"10809","-2","3","-29","1","-3","1"
"10821","-2","1","-27","1","-3","1"
"10822","-2","1","-27","0","1","1"
"10830","-3","2","-30","0","1","1"
"10830","-3","2","-30","-4","0","1"
"10838","-1","0","-30","-4","0","1"
"10842","-1","0","-30","-2","0","0"
"10850","-2","2","-29","-2","0","0"
"10850","-2","2","-29","1","1","1"
"10858","-2","1","-26","1","1","1"
"10862","-2","1","-26","1","0","0"
"10871","-2","1","-29","1","0","0"
"10871","-2","1","-29","0","-1","-1"
"10879","-1","1","-28","0","-1","-1"
"10879","-1","1","-28","-2","0","1"
"10891","-3","1","-31","-2","0","1"
"10891","-3","1","-31","-1","-1","1"
"10899","0","1","-30","-1","-1","1"
"10899","0","1","-30","-2","3","2"
"10911","-1","1","-28","-2","3","2"
"10912","-1","1","-28","0","2","0"
"10920","-1","0","-27","0","2","0"
"10920","-1","0","-27","-1","-1","0"
"10928","-4","1","-31","-1","-1","0"
"10932","-4","1","-31","0","0","-1"
"10941","-2","3","-30","0","0","-1"
"10941","-2","3","-30","4","-2","2"
"10948","0","3","-28","4","-2","2"
"10952","0","3","-28","1","0","-1"
"10961","-1","2","-29","1","0","-1"
"10961","-1","2","-29","1","1","1"
"10969","-2","2","-29","1","1","1"
"10973","-2","2","-29","2","-1","1"
"10981","0","0","-27","2","-1","1"
"10981","0","0","-27","2","1","0"
"10989","-2","2","-34","2","1","0"
"10990","-2","2","-34","3","0","0"
"11002","-2","2","-28","3","0","0"
"11002","-2","2","-28","0","-2","0"
"11008","-3","2","-29","0","-2","0"
