Timer,AX,AY,AZ,GX,GY,GZ
"4","-10","-7","-1","-1","2","1"
"15","-11","-11","-1","-1","3","0"
"15","-11","-11","-1","1","2","0"
"15","-11","-11","-1","1","2","0"
"15","-11","-11","-1","1","2","0"
"16","-11","-11","-1","1","2","0"
"16","-11","-11","-1","1","2","0"
"16","-11","-11","-1","1","2","0"
"28","-11","-11","-1","-3","2","0"
"31","-7","-10","-1","-3","2","0"
"42","-8","-8","-1","4","-1","-1"
"42","-8","-8","-1","4","-1","-1"
"49","-9","-6","-1","2","2","-1"
"56","-7","-10","-1","-3","1","-1"
"62","-10","-5","-1","-2","2","0"
"65","-11","-6","-1","0","-2","3"
"87","-11","-6","-1","0","-1","0"
"87","-11","-6","-1","0","-1","0"
"87","-11","-6","-1","0","-1","0"
"87","-11","-6","-1","0","-1","0"
"99","-11","-6","-1","-1","-5","-2"
"110","-10","-10","-1","-1","-5","-2"
"110","-10","-10","-1","1","-1","0"
"118","-10","-10","-1","1","-1","0"
"121","-8","-9","-1","2","-1","-3"
"143","-9","-11","-1","0","0","-1"
"143","-9","-11","-1","0","0","-1"
"150","-9","-11","-1","-3","-1","-2"
"150","-9","-11","-1","-3","-1","-2"
"161","-7","-9","-1","3","1","-1"
"176","-13","-6","-1","3","1","-1"
"176","-13","-6","-1","2","-1","-3"
"176","-13","-6","-1","-1","-1","-3"
"176","-13","-6","-1","2","-2","-2"
"177","-11","-8","-1","0","-3","-6"
"179","-12","-6","-1","-3","-1","-6"
"183","-9","-5","-1","-3","-1","-6"
"205","-9","-5","-1","0","1","-5"
"205","-9","-5","-1","0","1","-5"
"212","-9","-11","-1","0","3","-6"
"222","-7","-10","-1","1","-1","-2"
"222","-7","-10","-1","1","-1","-2"
"228","-11","-10","-1","1","-3","4"
"228","-11","-10","-1","1","-3","4"
"229","-11","-10","-1","-1","4","2"
"239","-12","-7","-1","-1","4","2"
"239","-12","-7","-1","2","1","-1"
"249","1","4","-1","2","1","-1"
"249","1","4","-1","-5","1","1"
"255","-12","-6","-1","1","2","2"
"261","-9","-8","-1","2","2","-1"
"281","-8","-8","-1","2","0","0"
"281","-8","-8","-1","2","0","0"
"281","-12","-10","-1","2","-2","-1"
"281","-11","-10","-1","1","-1","0"
"287","-8","-11","-1","2","0","-1"
"292","-8","-11","-1","-2","-1","-2"
"298","-7","-8","-1","0","0","-3"
"301","-6","-6","-1","0","1","0"
"304","-6","-6","-1","0","1","-3"
"304","-13","-3","1","-1","2","-1"
"304","-13","-3","1","-1","2","-1"
"316","-13","-3","1","-1","2","-1"
"317","-13","-3","1","7","-1","4"
"328","-6","-9","1","5","1","-2"
"339","-9","-6","1","5","1","-2"
"339","-9","-6","1","-4","-2","-3"
"346","-7","-11","1","2","-3","-2"
"346","-6","-10","-1","-1","1","1"
"359","-5","-9","-1","-2","0","-2"
"359","-5","-9","-1","0","1","-1"
"368","-5","-9","-1","0","1","-1"
"371","-5","-9","-1","1","-3","1"
"372","-5","-9","-1","1","-3","1"
"372","-7","-9","-1","-1","-1","4"
"385","-11","-5","-1","4","-1","2"
"385","-11","-5","-1","4","-1","2"
"392","-11","-5","-1","1","-1","-1"
"397","-14","-4","-1","-3","0","2"
"427","-8","-7","-1","0","-1","-6"
"427","-8","-7","-1","0","-1","-6"
"434","-8","-8","-1","-1","-3","-2"
"446","-11","-5","-1","-1","-3","-2"
"446","-11","-5","-1","0","1","2"
"452","-12","-12","-1","1","0","0"
"452","-7","-11","-1","1","2","-3"
"458","-9","-8","-1","1","3","5"
"480","-5","-10","-1","0","0","-5"
"480","-5","-10","-1","0","0","-5"
"485","-5","-10","-1","1","-1","4"
"493","4","-10","-1","1","-1","4"
"515","-7","-10","-1","2","1","1"
"515","-7","-10","-1","2","1","1"
"526","-14","-4","-1","-3","2","4"
"526","-14","-4","-1","-3","2","4"
"526","-9","-9","-1","1","-2","2"
"532","-13","-8","-1","-2","0","2"
"537","-11","-8","-1","0","-3","2"
"537","-11","-8","-1","0","-3","2"
"538","-11","-8","-1","2","2","-4"
"546","-8","-6","-1","0","0","-5"
"554","-11","-5","-1","0","0","-5"
"558","-7","-6","-1","0","-1","0"
"558","-9","-7","-1","-3","1","-3"
"564","-12","-5","-1","2","-5","-1"
"584","-6","-8","-1","-1","1","1"
"584","-6","-8","-1","-1","1","1"
"590","-8","-8","-1","0","4","-1"
"590","-8","-8","-1","0","4","-1"
"590","-8","-8","-1","-1","0","-1"
"601","-9","-9","-1","-1","0","-1"
"601","-9","-9","-1","-1","-2","1"
"601","-10","-8","-1","-1","-2","-1"
"607","-11","-7","-1","2","-4","0"
"607","-11","-7","-1","2","-4","0"
"620","-12","-7","-1","2","-4","0"
"620","-12","-7","-1","2","1","2"
"626","-8","-7","-1","-2","1","0"
"626","-8","-7","-1","-2","1","0"
"626","-8","-7","-1","-2","1","0"
"627","-8","-7","-1","-1","-2","0"
"627","1","-16","-1","-3","2","3"
"635","12","-31","-1","-3","2","3"
"635","0","-12","2","5","3","241"
"665","7","-28","2","-3","3","304"
"665","7","-28","2","-3","3","304"
"671","8","-36","2","4","-11","380"
"677","-29","11","-1","-3","-6","424"
"683","-58","33","-1","17","-22","454"
"684","-40","19","-1","0","-2","145"
"684","-7","-3","-1","-1","2","19"
"691","-7","-4","-1","6","-1","321"
"697","-7","-7","-1","0","2","-4"
"703","-11","-15","-1","0","1","1"
"703","38","-93","-1","-4","-1","28"
"703","22","-82","-1","3","-9","229"
"705","-10","-126","-1","4","-9","466"
"708","3","-62","-1","-2","1","4"
"730","4","-34","-1","14","-12","944"
"730","4","-34","-1","14","-12","944"
"730","15","47","1","16","-22","1014"
"730","12","75","-1","-3","-2","907"
"730","2","122","-1","8","-7","622"
"742","-67","35","-1","9","-15","204"
"742","-67","35","-1","1","-1","-74"
"747","-4","-7","-1","0","2","-24"
"747","-4","-7","-1","0","2","-24"
"747","-4","-7","-1","0","2","-24"
"747","-4","-7","-1","0","2","-24"
"758","3","-7","-1","0","1","-9"
"769","-12","-15","-1","0","1","-9"
"769","-12","-15","-1","-4","3","-67"
"769","-4","14","-1","-5","4","-99"
"775","21","-14","-1","-3","4","-49"
"786","-10","-16","-1","1","0","75"
"798","-17","-4","-1","1","0","75"
"798","-17","-4","-1","6","-2","50"
"798","-6","-9","-1","4","-4","13"
"804","-10","-7","-1","5","-2","18"
"804","-10","-7","-1","5","-2","18"
"804","-10","-7","-1","5","-2","18"
"804","-10","-7","-1","5","-2","18"
"812","-7","-11","-1","5","-2","18"
"817","-9","-8","-1","-2","1","-1"
"818","-4","-6","-1","0","-1","-1"
"820","-5","-7","-1","1","-2","0"
"842","-5","-8","-1","-1","3","1"
"842","-5","-8","-1","-1","3","1"
"848","-6","-6","-1","-4","3","1"
"848","-6","-6","-1","-4","3","1"
"848","-6","-6","-1","-4","3","1"
"848","-6","-6","-1","-4","3","1"
"848","-6","-6","-1","-4","3","1"
"859","-6","-6","-1","-4","3","1"
"859","-6","-6","-1","-1","0","2"
"864","-6","-9","-1","-1","1","1"
"881","-6","-9","-1","-1","1","1"
"888","-6","-6","-1","-2","-1","0"
"905","-4","-10","-1","0","-1","1"
"906","-4","-10","-1","-2","0","1"
"906","-4","-10","-1","-2","0","1"
"906","-4","-10","-1","-2","0","1"
"917","-2","-6","-1","3","2","38"
"930","1","-9","-1","2","-1","24"
"942","-5","-6","-1","2","-1","24"
"942","-5","-6","-1","-1","2","39"
"942","-3","0","-1","-3","2","46"
"948","-16","-12","-1","-3","0","29"
"961","-6","-5","-1","-2","0","27"
"961","-6","-5","-1","-2","0","27"
"968","-6","-8","-1","2","-3","-5"
"978","-6","-8","-1","2","-3","-5"
"981","-1","0","-1","1","-2","1"
"992","-9","-8","-1","-1","-2","11"
"992","-9","-8","-1","1","-1","23"
"1002","1","8","-1","0","0","10"
"1002","1","8","-1","0","0","10"
"1008","-7","-5","-1","2","-1","1"
"1021","-7","-5","-1","2","-1","1"
"1021","-7","-5","-1","0","-1","0"
"1026","-6","-5","-1","0","0","3"
"1037","-6","-3","-1","0","-1","1"
"1037","-6","-3","-1","0","-1","1"
"1043","-7","-6","-1","1","-2","4"
"1043","-7","-6","-1","1","-2","4"
"1056","-7","-6","-1","-1","1","1"
"1065","-7","-9","-1","-1","1","1"
"1075","-6","-8","-1","3","-3","3"
"1078","-8","-7","-1","-1","3","1"
"1102","-8","-6","-1","-2","-3","0"
"1102","-8","-6","-1","-2","-3","0"
"1102","-7","-6","-1","1","0","1"
"1109","-3","-4","-1","-1","0","0"
"1121","-8","-3","-1","0","1","1"
"1121","-8","-3","-1","2","1","1"
"1121","-11","-9","-1","0","1","-8"
"1122","-9","-4","-1","1","-1","-14"
"1128","-7","-5","-1","-3","1","-3"
"1152","-6","-5","-1","0","0","-13"
"1152","-6","-5","-1","0","0","-13"
"1158","-7","-6","-1","-3","2","1"
"1158","-7","-6","-1","-3","2","1"
"1170","-8","-5","-1","-3","2","1"
"1170","-8","-5","-1","1","3","1"
"1175","-7","-10","-1","5","1","3"
"1181","-10","-2","-1","2","-3","-1"
"1181","-7","-3","-1","1","-1","0"
"1181","-4","-4","-1","3","-3","0"
"1203","-6","-5","-1","0","-2","3"
"1203","-6","-5","-1","0","-2","3"
"1212","-5","-5","-1","-2","0","0"
"1215","-6","-4","-1","-2","5","-2"
"1237","-5","-6","-1","1","6","-1"
"1237","-5","-6","-1","1","6","-1"
"1242","-5","-8","-1","3","3","0"
"1251","-7","-8","-1","3","3","0"
"1252","-8","-7","-1","2","-2","3"
"1254","-8","-7","-1","-4","1","3"
"1254","-8","-7","-1","-4","1","3"
"1265","-8","-7","-1","1","1","3"
"1266","-8","-7","-1","0","-2","0"
"1266","-3","-5","-1","-5","-2","-2"
"1296","-6","-3","-1","-4","1","-1"
"1296","-6","-3","-1","-4","1","-1"
"1302","-6","-3","-1","-2","-1","1"
"1305","-4","-4","-1","-1","1","1"
"1305","-5","-2","-4","2","0","-1"
"1307","-5","-2","-4","1","0","-1"
"1319","-7","-3","-4","1","0","-1"
"1319","-7","-3","-4","-1","-2","-7"
"1335","-4","-12","-4","-2","1","-7"
"1336","-4","-12","-4","-4","-3","-1"
"1346","-3","-4","-4","-4","-3","-1"
"1346","-3","-4","-4","-3","-1","-1"
"1352","-7","-5","-4","1","-2","-1"
"1359","-6","-3","-4","1","-4","1"
"1378","-3","-9","-4","-5","1","2"
"1378","-4","-3","-1","2","5","5"
"1378","-9","-3","-1","-2","2","4"
"1387","-8","-8","-1","1","5","1"
"1396","-10","-2","-1","-2","2","0"
"1400","-10","-2","-1","0","-2","0"
"1413","-10","-2","-1","0","0","-1"
"1413","-10","-2","-1","0","0","-1"
"1413","-5","-5","-1","3","-2","1"
"1419","-6","-7","-1","0","1","1"
"1430","-7","-2","-1","-2","-2","0"
"1441","-3","-8","-1","0","-2","0"
"1441","-3","-8","-1","0","-2","0"
"1447","-7","-2","-1","0","-3","0"
"1457","-10","-7","-1","1","-5","-1"
"1469","-9","-5","-1","-2","-4","0"
"1469","-9","-5","-1","-3","-6","-3"
"1469","-8","-6","-1","-3","-6","-3"
"1469","-8","-6","-1","2","-6","-5"
"1469","-2","-6","-1","4","-3","0"
"1470","-2","-6","-1","4","-3","0"
"1486","-4","-7","-1","2","-1","-1"
"1486","-4","-7","-1","2","-1","-1"
"1497","-9","-7","-1","3","-1","1"
"1507","-6","-6","-1","1","0","-2"
"1507","-6","-6","-1","1","0","-2"
"1513","-6","-6","-1","1","-2","1"
"1513","-6","-6","-1","1","-2","1"
"1513","-6","-6","-1","1","-2","1"
"1520","-6","-6","-1","-1","0","0"
"1523","-5","-4","-1","-1","0","0"
"1545","-10","-7","-1","-2","-1","-1"
"1545","-10","-7","-1","-2","-1","-1"
"1550","-10","-7","-1","-2","1","-1"
"1550","-10","-7","-1","-2","1","-1"
"1556","-7","-5","-1","-2","0","-2"
"1582","-5","-7","-1","-2","0","1"
"1582","-5","-7","-1","-2","0","1"
"1582","-6","-4","-1","1","0","-2"
"1591","-4","-7","-1","-3","1","-2"
"1597","-4","-6","-1","2","-1","1"
"1600","-4","-6","-1","-4","1","-1"
"1605","-4","-6","-1","2","-1","1"
"1617","-5","-6","-1","-1","1","0"
"1632","-5","-4","-1","-1","1","0"
"1632","-5","-4","-1","0","4","2"
"1632","-5","-4","-1","6","-2","0"
"1640","-5","-5","-1","-3","0","-1"
"1640","-5","-5","-1","-3","0","-1"
"1651","-5","-5","-1","-3","0","-1"
"1651","-5","-5","-1","3","-3","1"
"1662","-4","-5","-1","-3","-2","1"
"1663","-6","-4","-1","5","-2","1"
"1668","-4","-7","-1","5","-2","1"
"1673","-4","-5","-1","5","1","0"
"1684","-8","-5","-1","3","-1","0"
"1695","-5","-3","-1","2","-2","-1"
"1695","-5","-3","-1","2","-2","-1"
"1700","-4","-4","-1","2","-1","-1"
"1706","-5","-4","-1","0","2","0"
"1707","-4","-8","-1","1","0","-2"
"1712","-3","-4","-1","6","-2","2"
"1722","-3","-4","-1","3","0","-1"
"1722","-3","-4","-1","3","0","-1"
"1723","-6","-7","-1","4","-2","0"
"1728","-6","-4","-1","4","0","-1"
"1743","-5","-7","-1","1","1","2"
"1743","-5","-7","-1","1","1","2"
"1749","-5","-5","-1","1","-4","0"
"1749","-6","-6","-1","3","-1","1"
"1756","-7","-6","-1","2","2","1"
"1764","-3","-7","-1","2","-2","0"
"1767","-4","-6","-1","-1","-2","0"
"1787","-7","-5","-1","-1","-1","0"
"1787","-7","-5","-1","-1","-1","0"
"1790","-4","-6","-1","2","0","1"
"1793","-7","-6","-1","2","2","0"
"1804","-7","-6","-1","0","-1","0"
"1804","-7","-6","-1","0","-1","0"
"1811","-3","-4","-1","0","3","-1"
"1811","-3","-4","-1","0","3","-1"
"1826","-3","-3","-1","0","3","-1"
"1826","-3","-3","-1","-3","2","-1"
"1833","-4","-4","-1","-3","2","-1"
"1833","-6","-6","-1","-1","3","1"
"1838","-4","-5","-1","-1","1","-1"
"1862","-4","-5","-1","-3","0","1"
"1862","-4","-5","-1","-3","0","1"
"1862","-4","-5","-1","2","2","0"
"1867","-7","-6","-1","2","3","0"
"1868","-6","-3","-1","-2","0","1"
"1875","-3","-5","-1","-2","1","0"
"1881","-8","-5","-1","0","4","2"
"1885","-5","-6","-1","0","-2","-1"
"1896","-6","-5","-1","-1","1","0"
"1896","-6","-5","-1","-1","0","1"
"1906","-7","-5","-1","-2","-1","-1"
"1909","-7","-5","-1","0","1","1"
"1912","-7","-5","-1","0","1","1"
"1924","-7","-5","-1","-2","3","1"
"1932","-7","-5","-1","-2","3","1"
"1944","-7","-5","-1","-2","2","2"
"1953","-7","-5","-1","2","0","1"
"1965","-7","-5","-1","2","0","1"
"1988","-7","-5","-1","-1","1","0"
"2009","-7","-5","-1","-1","1","0"
"2014","-7","-5","-1","-1","1","0"
"2022","-7","-5","-1","-2","1","1"
"2031","-7","-5","-1","-1","4","-2"
"2043","-7","-5","-1","0","3","1"
"2055","-7","-5","-1","0","3","1"
"2063","-7","-5","-1","-3","1","-1"
"2076","-7","-5","-1","-1","-1","2"
"2080","-7","-5","-1","-4","2","0"
"2092","-7","-5","-1","0","1","-1"
"2104","-7","-5","-1","2","-3","1"
"2113","-7","-5","-1","2","-3","1"
"2125","-7","-5","-1","2","-3","1"
"2133","-7","-5","-1","2","-3","1"
"2153","-7","-5","-1","2","-3","1"
"2153","-7","-5","-1","2","-3","1"
"2165","-7","-5","-1","2","-3","1"
"2174","-7","-5","-1","2","-3","1"
"2207","-7","-5","-1","-2","1","1"
"2213","-7","-5","-1","-1","0","0"
"2215","-7","-5","-1","-1","0","-1"
"2238","-5","-6","-1","2","-1","0"
"2244","-5","-6","-1","1","1","0"
"2252","-5","-6","-1","1","0","3"
"2264","-5","-6","-1","1","0","0"
"2272","-5","-6","-1","1","0","0"
"2280","-5","-6","-1","2","1","1"
"2305","-5","-6","-1","2","1","1"
"2313","-5","-6","-1","2","-1","0"
"2330","-5","-6","-1","-2","-2","0"
"2342","-5","-6","-1","-2","-2","0"
"2350","-5","-6","-1","-1","2","0"
"2362","-5","-6","-1","-2","1","0"
"2379","-5","-6","-1","-2","1","0"
"2391","-5","-6","-1","2","1","1"
"2411","-5","-6","-1","2","1","1"
"2420","-5","-6","-1","-1","-1","2"
"2428","-5","-6","-1","0","2","1"
"2440","-5","-6","-1","2","0","-1"
"2448","-5","-6","-1","4","-3","1"
"2469","-5","-6","-1","-1","3","2"
"2481","-5","-6","-1","-1","3","2"
"2487","-5","-6","-1","-1","3","2"
"2496","-8","-6","-1","0","-1","0"
"2498","-8","-6","-1","2","2","0"
"2510","-8","-6","-1","2","2","0"
"2518","-8","-6","-1","-3","2","0"
"2533","-8","-6","-1","2","1","1"
"2550","-8","-6","-1","2","1","1"
"2569","-8","-6","-1","2","1","1"
"2586","-8","-6","-1","2","-1","1"
"2588","-8","-6","-1","0","1","-1"
"2600","-8","-6","-1","0","1","-1"
"2608","-8","-6","-1","4","-2","-1"
"2626","-8","-6","-1","-3","1","-1"
"2629","-8","-6","-1","-1","-3","0"
"2637","-8","-6","-1","0","-3","-1"
"2669","-8","-6","-1","-1","-2","1"
"2678","-8","-6","-1","0","-1","-1"
"2692","-8","-6","-1","33","1","1"
"2699","-8","-6","-1","0","2","1"
"2734","-8","-6","-1","2","-1","1"
"2734","-8","-6","-1","-1","-1","-2"
"2753","-5","-6","-1","-2","-4","1"
"2760","-4","-5","-1","-2","-2","1"
"2761","-6","-4","-1","2","0","1"
"2767","-6","-4","-1","2","0","0"
"2768","-6","-4","-1","1","-2","1"
"2780","-6","-4","-1","1","-2","1"
"2797","-6","-4","-1","1","-2","2"
"2809","-6","-4","-1","0","-2","0"
"2817","-6","-4","-1","2","0","1"
"2836","-6","-4","-1","2","-1","2"
"2838","-6","-4","-1","1","-3","1"
"2850","-6","-4","-1","1","-3","1"
"2858","-6","-4","-1","0","-2","1"
"2870","-6","-4","-1","0","-2","1"
"2878","-6","-4","-1","1","0","2"
"2894","-6","-4","-1","4","-1","3"
"2905","-6","-4","-1","1","0","0"
"2907","-6","-4","-1","1","0","0"
"2919","-6","-4","-1","1","-2","1"
"2940","-6","-4","-1","1","-2","1"
"2960","-6","-4","-1","1","-2","1"
"2968","-6","-4","-1","1","-2","1"
"2984","-6","-4","-1","-1","-2","0"
"2989","-6","-4","-1","-3","0","-2"
"2997","-6","-4","-1","-1","-2","1"
"3010","-6","-4","-1","-1","-2","1"
"3030","-6","-4","-1","-1","-2","1"
"3038","-6","-4","-1","1","0","0"
"3052","-6","-4","-1","1","0","0"
"3065","-6","-4","-1","0","-1","1"
"3067","-6","-4","-1","0","0","2"
"3079","-6","-4","-1","2","1","0"
"3087","-6","-4","-1","2","-4","0"
"3099","-6","-4","-1","2","-4","0"
"3108","-6","-4","-1","-1","2","0"
"3126","-6","-4","-1","-2","2","0"
"3128","-6","-4","-1","1","1","0"
"3136","-6","-4","-1","0","1","0"
"3149","-6","-4","-1","-1","2","0"
"3157","-6","-4","-1","-1","2","0"
"3169","-6","-4","-1","0","1","1"
"3178","-6","-4","-1","-2","2","-1"
"3198","-6","-4","-1","-2","2","-1"
"3205","-6","-4","-1","-2","2","-1"
"3210","-6","-4","-1","-2","2","-1"
"3218","-6","-4","-1","3","-1","0"
"3236","-6","-4","-1","3","-1","0"
"3236","-6","-4","-1","3","-1","0"
"3253","-6","-4","-1","-1","0","1"
"3271","-6","-6","-1","3","2","2"
"3279","-6","-6","-1","0","1","0"
"3292","-6","-6","-1","0","1","0"
"3319","-6","-6","-1","-1","-1","1"
"3320","-6","-5","-1","-1","1","-2"
"3322","-6","-5","-1","0","-3","-1"
"3326","-6","-5","-1","3","-1","1"
"3338","-6","-5","-1","-3","2","-1"
"3346","-6","-5","-1","-2","2","2"
"3358","-6","-5","-1","-2","2","2"
"3367","-6","-5","-1","1","2","-1"
"3385","-6","-5","-1","0","2","-1"
"3387","-6","-5","-1","0","2","-1"
"3395","-6","-5","-1","2","0","1"
"3408","-6","-5","-1","1","2","2"
"3416","-6","-5","-1","-3","2","-3"
"3428","-6","-5","-1","-3","2","-3"
"3436","-6","-5","-1","1","1","1"
"3448","-6","-5","-1","1","1","1"
"3457","-6","-5","-1","1","0","2"
"3469","-6","-5","-1","1","0","2"
"3477","-6","-5","-1","-2","3","3"
"3486","-6","-5","-1","-2","3","3"
"3498","-6","-5","-1","-1","-1","0"
"3506","-6","-5","-1","-1","1","1"
"3518","-6","-5","-1","-1","4","0"
"3526","-6","-5","-1","-1","4","0"
"3556","-6","-5","-1","-1","4","0"
"3559","-6","-6","-1","2","1","1"
"3565","-6","-6","-1","1","0","1"
"3567","-6","-6","-1","1","0","1"
"3576","-6","-6","-1","1","0","1"
"3596","-6","-6","-1","-2","-2","1"
"3609","-6","-6","-1","-2","-2","1"
"3628","-6","-6","-1","-2","-2","1"
"3629","-6","-6","-1","-2","-2","1"
"3637","-6","-6","-1","4","1","0"
"3656","-6","-6","-1","4","1","0"
"3658","-6","-6","-1","-4","1","-3"
"3673","-6","-6","-1","-1","1","0"
"3678","-6","-6","-1","-1","1","0"
"3686","-6","-6","-1","2","-1","1"
"3698","-6","-6","-1","2","2","0"
"3707","-6","-6","-1","2","2","0"
"3719","-6","-6","-1","2","2","0"
"3727","-6","-6","-1","-2","0","-1"
"3739","-6","-6","-1","-2","0","-1"
"3748","-6","-6","-1","2","-1","-1"
"3768","-6","-6","-1","-5","3","-1"
"3784","-6","-6","-1","1","-1","0"
"3789","-6","-6","-1","0","-1","-3"
"3797","-6","-6","-1","1","2","3"
"3809","-6","-6","-1","1","2","3"
"3817","-6","-6","-1","0","-1","0"
"3838","-6","-6","-1","0","-1","0"
"3838","-6","-6","-1","0","-1","0"
"3846","-6","-6","-1","-1","-1","-1"
"3858","-6","-6","-1","2","1","-1"
"3866","-6","-6","-1","-2","2","-2"
"3879","-6","-6","-1","1","2","0"
"3887","-6","-6","-1","0","-1","0"
"3906","-6","-6","-1","0","-1","0"
"3907","-6","-6","-1","0","-1","0"
"3919","-6","-6","-1","0","-1","0"
"3936","-6","-6","-1","1","-1","0"
"3936","-6","-6","-1","1","-1","0"
"3943","-6","-6","-1","1","-1","0"
"3951","-6","-6","-1","-2","-2","-2"
"3962","-6","-6","-1","-2","-2","-2"
"3969","-6","-6","-1","-3","0","-3"
"3977","-6","-6","-1","-1","-1","-2"
"3994","-6","-6","-1","0","1","-2"
"3998","-6","-6","-1","0","0","-3"
"4010","-6","-6","-1","0","0","-3"
"4024","-6","-6","-1","0","2","-2"
"4026","-6","-6","-1","2","-1","0"
"4039","-6","-6","-1","0","-2","-1"
"4047","-6","-6","-1","3","-2","-1"
"4059","-6","-6","-1","2","-1","2"
"4067","-6","-6","-1","-3","0","0"
"4079","-6","-6","-1","-3","0","0"
"4094","-6","-6","-1","2","1","-1"
"4120","-6","-6","-1","-1","1","-1"
"4121","-4","-5","-1","0","1","-2"
"4127","-4","-5","-1","1","1","1"
"4128","-4","-5","-1","1","1","1"
"4155","-4","-5","-1","-1","0","1"
"4157","-4","-5","-1","-1","0","1"
"4157","-4","-5","-1","-1","0","1"
"4171","-4","-5","-1","0","-1","-1"
"4178","-4","-5","-1","0","-1","-1"
"4178","-4","-5","-1","0","-1","-1"
"4190","-4","-5","-1","0","-1","-1"
"4198","-4","-5","-1","1","-1","2"
"4212","-4","-5","-1","1","2","1"
"4219","-4","-5","-1","-1","0","-1"
"4227","-4","-5","-1","-2","-1","2"
"4246","-4","-5","-1","-2","-1","2"
"4247","-4","-5","-1","-2","-1","2"
"4259","-4","-5","-1","-2","-1","2"
"4268","-4","-5","-1","-1","1","-1"
"4287","-4","-5","-1","-3","1","-1"
"4288","-4","-5","-1","-1","-2","1"
"4296","-4","-5","-1","-1","-2","1"
"4309","-4","-5","-1","0","0","0"
"4317","-4","-5","-1","-3","1","0"
"4329","-4","-5","-1","0","2","0"
"4338","-4","-5","-1","2","-1","1"
"4350","-4","-5","-1","2","-1","1"
"4358","-4","-5","-1","2","-1","1"
"4377","-4","-5","-1","2","-1","1"
"4378","-4","-5","-1","2","-1","-1"
"4391","-4","-5","-1","2","-1","-1"
"4406","-4","-5","-1","-2","0","-1"
"4421","-4","-5","-1","-2","0","-1"
"4428","-4","-5","-1","1","-3","0"
"4448","-4","-5","-1","1","1","0"
"4460","-4","-5","-1","1","1","0"
"4476","-4","-5","-1","1","1","0"
"4488","-4","-5","-1","2","-2","0"
"4495","-4","-5","-1","3","0","-2"
"4497","-4","-5","-1","3","0","-2"
"4511","-4","-5","-1","3","0","-2"
"4520","-4","-5","-1","1","2","0"
"4537","-4","-5","-1","-3","1","1"
"4538","-4","-5","-1","-1","1","1"
"4550","-4","-5","-1","-1","1","1"
"4550","-4","-5","-1","-1","1","1"
"4567","-4","-5","-1","-1","1","1"
"4578","-4","-5","-1","3","-1","1"
"4579","-4","-5","-1","3","-1","1"
"4579","-4","-5","-1","-1","2","-1"
"4593","-4","-5","-1","4","-2","1"
"4595","-4","-5","-1","4","-2","1"
"4617","-4","-5","-1","0","0","1"
"4620","-4","-5","-1","-4","0","1"
"4628","-4","-5","-1","-4","0","1"
"4640","-4","-5","-1","-4","0","1"
"4649","-4","-5","-1","1","0","1"
"4661","-4","-5","-1","1","0","1"
"4677","-4","-5","-1","4","-1","1"
"4697","-4","-5","-1","1","-1","1"
"4717","-4","-5","-1","2","-4","1"
"4718","-4","-5","-1","-3","-1","1"
"4731","-4","-5","-1","-3","-1","1"
"4739","-4","-5","-1","2","-1","0"
"4747","-4","-5","-1","2","-1","0"
"4759","-4","-5","-1","0","0","1"
"4771","-4","-5","-1","0","-1","1"
"4778","-4","-5","-1","0","-1","1"
"4780","-4","-5","-1","0","-1","1"
"4788","-4","-5","-1","3","-2","2"
"4796","-4","-5","-1","3","-2","2"
"4821","-4","-5","-1","3","-2","2"
"4829","-4","-5","-1","-1","-1","1"
"4841","-4","-5","-1","-1","-1","1"
"4841","-4","-5","-1","-1","-1","1"
"4845","-4","-5","-1","-1","-1","1"
"4858","-4","-5","-1","1","4","-1"
"4870","-4","-5","-1","-2","0","0"
"4878","-4","-5","-1","-1","1","-1"
"4898","-4","-5","-1","-1","0","1"
"4898","-4","-5","-1","-1","0","1"
"4911","-4","-5","-1","-1","0","1"
"4919","-4","-5","-1","-1","0","1"
"4938","-4","-5","-1","-1","0","1"
"4953","-4","-4","-1","-1","0","0"
"4960","-4","-4","-1","-1","0","-2"
"4960","-4","-4","-1","-1","0","-2"
"4967","-4","-4","-1","-1","0","-2"
"4976","-4","-4","-1","0","2","1"
"4980","-4","-4","-1","1","0","0"
"4989","-4","-4","-1","2","0","1"
"4997","-4","-4","-1","-1","-2","1"
"5009","-4","-4","-1","-1","-2","1"
"5021","-4","-4","-1","1","-1","1"
"5030","-4","-4","-1","2","-1","1"
"5048","-4","-4","-1","0","-1","1"
"5055","-4","-4","-1","1","0","0"
"5058","-4","-4","-1","-3","1","0"
"5071","-4","-4","-1","-4","2","1"
"5079","-4","-4","-1","4","0","0"
"5091","-4","-4","-1","4","0","0"
"5099","-4","-4","-1","4","0","0"
"5111","-4","-4","-1","4","0","0"
"5120","-4","-4","-1","0","1","1"
"5132","-4","-4","-1","1","-1","1"
"5139","-4","-4","-1","1","-1","1"
"5152","-4","-4","-1","3","-2","2"
"5161","-4","-4","-1","2","0","-1"
"5169","-4","-4","-1","3","-2","1"
"5181","-4","-4","-1","0","2","0"
"5190","-4","-4","-1","2","0","-1"
"5198","-4","-4","-1","-2","-1","2"
"5210","-4","-4","-1","-2","-1","2"
"5228","-4","-4","-1","-2","2","2"
"5230","-4","-4","-1","-1","-2","0"
"5250","-4","-4","-1","-1","-2","0"
"5259","-4","-4","-1","0","-1","2"
"5279","-4","-4","-1","0","-1","2"
"5295","-4","-4","-1","-1","0","0"
"5305","-7","6","-1","-1","0","0"
"5319","-7","6","-1","2","-1","0"
"5321","-7","6","-1","2","-2","2"
"5329","-7","6","-1","0","-3","-1"
"5353","-7","6","-1","0","-3","-1"
"5353","-7","6","-1","0","-3","-1"
"5361","-7","6","-1","0","-3","-1"
"5373","-7","6","-1","3","-1","2"
"5382","-7","6","-1","3","0","2"
"5394","-7","6","-1","3","0","2"
"5402","-7","6","-1","1","-2","0"
"5410","-7","6","-1","0","-2","-1"
"5423","-7","6","-1","0","-3","1"
"5431","-7","6","-1","-1","0","1"
"5443","-7","6","-1","-1","0","1"
"5443","-7","6","-1","1","0","0"
"5451","-7","6","-1","-1","0","1"
"5451","-7","6","-1","1","-1","0"
"5460","-7","6","-1","-1","0","1"
"5460","-7","6","-1","0","0","1"
"5472","-7","6","-1","-1","-4","1"
"5484","-7","6","-1","-1","-4","1"
"5492","-7","6","-1","3","0","1"
"5504","-7","6","-1","3","0","1"
"5509","-7","6","-1","1","0","1"
"5521","-7","6","-1","-1","2","0"
"5533","-7","6","-1","-3","1","-1"
"5541","-7","6","-1","-2","-1","0"
"5554","-7","6","-1","0","-1","-1"
"5562","-7","6","-1","0","-1","-1"
"5583","-7","6","-1","0","-1","-1"
"5618","-7","6","-1","0","-1","-1"
"5618","-7","6","-1","0","-1","1"
"5625","-3","-6","-1","2","0","2"
"5625","-3","-6","-1","2","0","2"
"5632","-3","-6","-1","-2","2","2"
"5644","-3","-6","-1","2","1","1"
"5652","-3","-6","-1","2","1","1"
"5660","-3","-6","-1","0","4","2"
"5673","-3","-6","-1","-1","-1","0"
"5685","-3","-6","-1","-1","-1","0"
"5693","-3","-6","-1","-1","-1","0"
"5716","-3","-6","-1","-3","1","0"
"5734","-3","-6","-1","1","-1","0"
"5742","-3","-6","-1","1","-1","0"
"5754","-3","-6","-1","0","-1","1"
"5783","-3","-6","-1","0","-1","1"
"5789","-3","-6","-1","2","1","1"
"5806","-3","-6","-1","4","2","1"
"5814","-3","-6","-1","4","2","1"
"5848","-3","-6","-1","1","-1","2"
"5848","-3","-6","-1","1","-1","2"
"5848","-6","-7","-1","1","2","0"
"5854","-3","-6","-1","1","1","0"
"5855","-3","-6","-1","1","1","0"
"5861","-3","-6","-1","1","1","0"
"5869","-3","-6","-1","1","1","0"
"5877","-3","-6","-1","-1","-1","2"
"5896","-6","-4","-1","-1","1","0"
"5896","-5","-7","-1","-4","2","0"
"5903","-5","-7","-1","2","-2","-1"
"5913","-5","-7","-1","-1","0","-2"
"5925","-5","-7","-1","-1","0","-2"
"5935","-5","-7","-1","-1","0","-2"
"5944","-5","-7","-1","1","0","2"
"5960","-5","-7","-1","3","-111","2"
"5960","-5","-7","-1","1","-2","0"
"5966","-5","-7","-1","1","-2","0"
"5972","-5","-7","-1","2","-3","2"
"5999","-5","-7","-1","3","0","2"
"6004","-5","-7","-1","3","0","2"
"6008","-5","-7","-1","1","-1","-1"
"6021","-5","-7","-1","1","-1","-1"
"6033","-5","-7","-1","1","-1","-1"
"6041","-5","-7","-1","-3","-2","-1"
"6049","-5","-7","-1","2","0","0"
"6072","-5","-7","-1","-1","-1","0"
"6089","-5","-7","-1","0","-1","0"
"6090","-5","-7","-1","-1","-2","1"
"6098","-5","-7","-1","-1","-2","1"
"6104","-5","-7","-1","-1","-2","1"
"6114","-5","-7","-1","-1","-1","-2"
"6119","-5","-7","-1","-3","-1","-1"
"6127","-5","-7","-1","-1","1","0"
"6139","-5","-7","-1","2","0","0"
"6148","-5","-7","-1","1","0","1"
"6167","-5","-7","-1","-1","0","1"
"6168","-5","-7","-1","0","1","1"
"6176","-5","-7","-1","-1","-2","1"
"6196","-5","-7","-1","0","1","1"
"6197","-5","-7","-1","-1","0","-1"
"6209","-5","-7","-1","-2","0","0"
"6217","-5","-7","-1","1","0","0"
"6243","-5","-7","-1","1","0","0"
"6258","-5","-7","-1","0","2","-3"
"6275","-4","-6","-1","4","-1","0"
"6279","-4","-6","-1","4","1","0"
"6280","-4","-6","-1","4","1","0"
"6311","-6","-7","-1","0","2","2"
"6314","-6","-5","-1","2","-2","2"
"6320","-6","-5","-1","-3","1","0"
"6320","-6","-5","-1","-3","1","0"
"6340","-5","-5","-1","0","1","0"
"6345","-5","-5","-1","4","-1","1"
"6348","-5","-5","-1","0","2","0"
"6357","-5","-5","-1","2","2","-2"
"6382","-6","-5","-1","2","2","-2"
"6388","-6","-5","-1","1","-2","0"
"6389","-6","-5","-1","1","-2","0"
"6404","-7","-7","-1","2","1","2"
"6423","-7","-7","-1","2","1","2"
"6435","-7","-7","-1","2","1","2"
"6435","-7","-7","-1","2","1","2"
"6438","-7","-7","-1","2","-1","0"
"6447","-7","-7","-1","2","-1","0"
"6459","-7","-7","-1","1","2","3"
"6467","-7","-7","-1","1","1","2"
"6479","-7","-7","-1","1","1","2"
"6488","-7","-7","-1","-1","1","-1"
"6508","-7","-7","-1","-1","1","-1"
"6516","-7","-7","-1","-1","1","-1"
"6516","-7","-7","-1","-1","1","-1"
"6541","-7","-7","-1","2","-1","-1"
"6556","-7","-7","-1","6","-5","-1"
"6558","-7","-7","-1","6","-5","-1"
"6558","-7","-7","-1","6","-5","-1"
"6576","-7","-7","-1","0","2","-1"
"6579","-7","-7","-1","0","0","1"
"6591","-7","-7","-1","0","0","1"
"6599","-7","-7","-1","0","0","1"
"6615","-7","-7","-1","0","1","1"
"6628","-7","-7","-1","-2","1","0"
"6640","-7","-7","-1","-2","1","0"
"6655","-7","-7","-1","-2","1","0"
"6673","-7","-7","-1","-3","0","0"
"6681","-7","-7","-1","2","0","0"
"6682","-4","-7","-1","2","0","0"
"6688","-4","-7","-1","2","0","0"
"6689","-4","-7","-1","-2","1","0"
"6698","-4","-7","-1","2","1","1"
"6710","-4","-7","-1","-1","1","0"
"6718","-4","-7","-1","-1","1","0"
"6739","-4","-7","-1","-3","0","-2"
"6757","-4","-7","-1","1","-21","-2"
"6773","-4","-7","-1","0","0","-1"
"6779","-4","-7","-1","0","0","-2"
"6794","-4","-7","-1","-2","-1","0"
"6800","-4","-7","-1","0","1","-1"
"6808","-4","-7","-1","-2","-1","1"
"6826","-4","-7","-1","-2","-1","1"
"6829","-4","-7","-1","2","-4","-1"
"6848","-4","-7","-1","-1","-2","-1"
"6849","-4","-7","-1","1","1","-1"
"6857","-4","-7","-1","-1","-1","-1"
"6870","-4","-7","-1","-1","-1","-1"
"6878","-4","-7","-1","1","-1","-1"
"6897","-4","-7","-1","1","-1","-1"
"6898","-4","-7","-1","1","-2","0"
"6918","-4","-7","-1","4","-2","0"
"6919","-4","-7","-1","4","-2","0"
"6931","-4","-7","-1","4","-2","0"
"6945","-4","-7","-1","-1","-1","0"
"6947","-4","-7","-1","1","1","0"
"6956","-4","-7","-1","1","1","0"
"6960","-4","-7","-1","1","1","0"
"6960","-4","-7","-1","-3","1","1"
"6968","-4","-7","-1","1","1","0"
"6968","-4","-7","-1","-1","-1","-3"
"6976","-4","-7","-1","1","1","0"
"6980","-4","-7","-1","1","1","0"
"6980","-4","-7","-1","1","1","0"
"6988","-4","-7","-1","1","1","0"
"6988","-4","-7","-1","0","1","1"
"6997","-4","-7","-1","1","1","0"
"7007","-4","-7","-1","1","1","0"
"7007","-4","-7","-1","1","1","0"
"7009","-4","-7","-1","1","1","0"
"7009","-4","-7","-1","0","-2","-1"
"7017","-4","-7","-1","1","1","0"
"7017","-4","-7","-1","2","-1","-1"
"7025","-4","-7","-1","1","1","0"
"7029","-4","-7","-1","2","0","1"
"7038","-4","-7","-1","-2","0","0"
"7050","-4","-7","-1","-2","0","0"
"7058","-4","-7","-1","-2","2","0"
"7077","-4","-7","-1","10","0","0"
"7079","-4","-7","-1","-3","-2","-2"
"7091","-4","-7","-1","-3","-2","-2"
"7107","-4","-7","-1","-3","-2","-2"
"7119","-4","-7","-1","-2","3","0"
"7140","-4","-7","-1","-2","3","0"
"7148","-4","-7","-1","-2","-2","0"
"7160","-4","-7","-1","-2","-2","0"
"7169","-4","-7","-1","-2","-2","0"
"7197","-4","-7","-1","-2","-2","0"
"7197","-4","-7","-1","-2","-2","0"
"7210","-4","-7","-1","0","-2","1"
"7218","-4","-7","-1","1","2","-1"
"7234","-4","-7","-1","1","2","-1"
"7238","-4","-7","-1","-1","-2","1"
"7258","-4","-7","-1","-1","-2","1"
"7259","-4","-7","-1","-1","2","0"
"7267","-4","-7","-1","-1","2","0"
"7267","-4","-7","-1","-1","2","0"
"7284","-4","-7","-1","-2","3","1"
"7297","-5","-4","-1","-2","0","2"
"7300","-5","-4","-1","-2","0","2"
"7308","-5","-4","-1","-4","4","-1"
"7320","-5","-4","-1","-4","4","-1"
"7328","-5","-4","-1","-2","-1","0"
"7350","-5","-4","-1","-2","-1","0"
"7351","-5","-4","-1","-2","-1","0"
"7361","-4","-5","-1","-2","-1","0"
"7364","-4","-5","-1","0","-1","1"
"7398","-4","-5","-1","1","0","0"
"7404","-6","-7","-1","1","0","0"
"7404","-5","-6","-1","1","0","1"
"7409","-4","-5","-1","-2","-1","0"
"7415","-4","-4","-1","0","1","1"
"7421","-4","-4","-1","-3","-1","0"
"7421","-4","-4","-1","-3","-1","0"
"7437","-5","-4","-1","-3","-1","0"
"7439","-5","-4","-1","0","-1","0"
"7451","-5","-4","-1","-2","2","0"
"7460","-5","-4","-1","-2","2","0"
"7480","-5","-3","-1","1","1","2"
"7480","-5","-3","-1","2","0","-1"
"7501","-6","-6","-1","1","12","-1"
"7504","-4","-6","-1","0","-2","1"
"7511","-4","-6","-1","-2","-1","0"
"7511","-4","-6","-1","-2","-1","0"
"7521","-4","-6","-1","-2","-1","0"
"7544","-6","-7","-1","-3","-1","0"
"7544","-6","-7","-1","-3","-1","0"
"7571","-6","-7","-1","-2","0","0"
"7571","-6","-7","-1","-2","2","2"
"7577","-6","-7","-1","-2","2","2"
"7578","-6","-7","-1","-1","-1","0"
"7590","-6","-7","-1","-2","-2","-1"
"7599","-6","-7","-1","-4","1","0"
"7617","-6","-7","-1","-4","1","0"
"7619","-6","-7","-1","-1","0","1"
"7638","-6","-7","-1","2","-1","1"
"7659","-6","-7","-1","-3","3","0"
"7674","-4","-6","-1","1","0","1"
"7682","-4","-6","-1","-2","-1","-1"
"7692","-4","-5","-1","2","2","2"
"7692","-4","-5","-1","2","2","2"
"7699","-4","-5","-1","2","2","2"
"7701","-4","-5","-1","2","2","2"
"7715","-4","-5","-1","2","2","2"
"7735","-4","-5","-1","2","2","2"
"7742","-4","-5","-1","2","2","2"
"7763","-4","-5","-1","-3","2","0"
"7769","-4","-5","-1","-3","2","0"
"7776","-4","-5","-1","-3","2","0"
"7788","-4","-5","-1","2","0","-1"
"7797","-4","-5","-1","-6","0","-1"
"7799","-4","-5","-1","1","-1","1"
"7812","-4","-5","-1","1","-1","1"
"7820","-4","-5","-1","1","0","0"
"7836","-4","-5","-1","0","1","1"
"7848","-4","-5","-1","0","1","1"
"7869","-4","-5","-1","2","-1","2"
"7876","-4","-5","-1","2","0","2"
"7881","-4","-5","-1","-1","0","1"
"7890","-4","-5","-1","-4","1","2"
"7909","-4","-5","-1","-2","1","2"
"7910","-4","-5","-1","0","0","-1"
"7918","-4","-5","-1","0","-2","0"
"7931","-4","-5","-1","-1","1","-1"
"7939","-4","-5","-1","1","-2","0"
"7951","-4","-5","-1","-1","-1","0"
"7978","-4","-5","-1","-1","-1","0"
"7980","-4","-5","-1","0","3","-1"
"7992","-4","-5","-1","0","3","-1"
"8000","-4","-5","-1","0","3","-1"
"8020","-4","-5","-1","0","3","-1"
"8029","-4","-5","-1","1","-2","0"
"8049","-4","-5","-1","1","-2","0"
"8049","-4","-5","-1","-1","3","0"
"8062","-4","-5","-1","1","-2","0"
"8070","-4","-5","-1","1","-2","0"
"8082","-4","-5","-1","1","-2","0"
"8090","-4","-5","-1","3","0","1"
"8138","-4","-5","-1","4","-1","1"
"8138","-4","-5","-1","4","-1","1"
"8139","-4","-5","-1","4","-1","1"
"8145","-4","-5","-1","-1","0","1"
"8152","-4","-5","-1","-1","0","1"
"8162","-4","-5","-1","-1","0","1"
"8163","-4","-5","-1","-1","0","1"
"8176","-4","-5","-1","-1","0","1"
"8184","-4","-5","-1","0","-1","0"
"8196","-4","-5","-1","0","-1","0"
"8204","-4","-5","-1","0","-1","0"
"8224","-4","-5","-1","0","-1","0"
"8225","-4","-5","-1","0","-1","0"
"8233","-4","-5","-1","0","-1","0"
"8241","-4","-5","-1","0","3","1"
"8254","-4","-5","-1","1","1","1"
"8266","-4","-5","-1","0","-1","0"
"8281","4","-5","-1","0","-1","0"
"8286","4","-5","-1","0","-1","0"
"8307","4","-5","-1","0","-1","0"
"8315","4","-5","-1","0","-1","0"
"8330","4","-5","-1","-4","0","1"
"8347","4","-5","-1","2","1","3"
"8356","4","-5","-1","1","1","0"
"8364","4","-5","-1","0","0","1"
"8376","4","-5","-1","0","0","1"
"8393","4","-5","-1","0","-2","-1"
"8405","4","-5","-1","-1","0","0"
"8413","4","-5","-1","2","-2","2"
"8426","4","-5","-1","2","-2","2"
"8434","4","-5","-1","-2","2","-1"
"8442","4","-5","-1","-2","2","-1"
"8454","4","-5","-1","-2","2","-1"
"8461","4","-5","-1","-2","2","-1"
"8473","4","-5","-1","2","-2","1"
"8475","4","-5","-1","1","0","1"
"8493","4","-5","-1","1","0","1"
"8494","4","-5","-1","1","0","1"
"8503","4","-5","-1","1","3","-1"
"8528","4","-5","-1","1","3","-1"
"8536","4","-5","-1","-2","2","0"
"8551","4","-5","-1","-2","2","0"
"8557","4","-5","-1","-2","2","0"
"8565","4","-5","-1","-2","1","0"
"8577","4","-5","-1","-2","1","0"
"8585","4","-5","-1","-1","1","2"
"8593","4","-5","-1","-1","1","2"
"8606","4","-5","-1","-2","-2","0"
"8614","4","-5","-1","-2","-2","0"
"8626","4","-5","-1","0","-1","1"
"8634","4","-5","-1","1","1","2"
"8643","4","-5","-1","1","1","2"
"8655","4","-5","-1","1","1","2"
"8667","4","-5","-1","1","1","2"
"8675","4","-5","-1","1","1","2"
"8687","4","-5","-1","1","1","2"
"8697","4","-5","-1","1","1","2"
"8697","4","-5","-1","1","1","2"
"8709","4","-5","-1","-1","-1","1"
"8721","4","-5","-1","-1","1","2"
"8730","4","-5","-1","-1","0","1"
"8742","4","-5","-1","3","1","2"
"8750","4","-5","-1","3","1","2"
"8760","4","-5","-1","0","1","2"
"8768","-3","3","-1","0","1","2"
"8771","-3","3","-1","3","0","0"
"8791","-3","3","-1","3","0","0"
"8791","-3","3","-1","0","-2","1"
"8799","-3","3","-1","1","-2","2"
"8814","-3","3","-1","0","1","-1"
"8820","-3","3","-1","-2","3","2"
"8832","-3","3","-1","3","1","1"
"8840","-3","3","-1","-3","2","2"
"8848","-3","3","-1","3","-1","3"
"8861","-3","3","-1","2","0","-1"
"8881","-3","3","-1","0","1","0"
"8893","-3","3","-1","0","1","0"
"8904","-3","3","-1","2","-1","0"
"8910","-3","3","-1","2","-1","0"
"8922","-3","3","-1","0","2","1"
"8930","-3","3","-1","-1","0","-2"
"8946","-3","3","-1","-1","0","-2"
"8947","-3","3","-1","-3","0","1"
"8963","-3","3","-1","-3","0","1"
"8971","-3","3","-1","2","-2","1"
"8983","-3","3","-1","2","-2","1"
"9013","-3","3","-1","-3","-1","-1"
"9017","-5","-7","-1","-2","1","0"
"9023","-5","-7","-1","-2","0","1"
"9029","-5","-7","-1","-2","0","1"
"9038","-5","-7","-1","-2","0","1"
"9041","-5","-7","-1","2","-2","1"
"9049","-5","-7","-1","2","-2","1"
"9061","-5","-7","-1","3","0","-1"
"9082","-5","-7","-1","3","-3","2"
"9090","-5","-7","-1","5","0","-1"
"9098","-5","-7","-1","5","0","-1"
"9110","-5","-7","-1","-1","0","-2"
"9130","-5","-7","-1","-1","0","-2"
"9131","-5","-7","-1","-1","0","-2"
"9155","-5","-7","-1","0","1","-2"
"9160","-5","-7","-1","0","1","-2"
"9172","-5","-7","-1","3","2","2"
"9180","-5","-7","-1","3","2","2"
"9192","-5","-7","-1","-1","1","1"
"9200","-5","-7","-1","-1","1","1"
"9213","-5","-7","-1","-1","1","1"
"9233","-5","-7","-1","-1","1","1"
"9242","-5","-7","-1","-1","1","1"
"9250","-5","-7","-1","-1","1","1"
"9262","-5","-7","-1","-1","1","1"
"9270","-5","-7","-1","0","-1","0"
"9283","-5","-7","-1","-1","-1","0"
"9299","-5","-7","-1","-1","-1","0"
"9311","-5","-7","-1","-1","-1","0"
"9335","-5","-7","-1","-1","-1","0"
"9343","-5","-7","-1","-1","0","0"
"9348","-5","-7","-1","-1","0","0"
"9360","-5","-7","-1","-2","-3","-1"
"9373","-5","-7","-1","-2","0","0"
"9381","-5","-7","-1","2","0","2"
"9393","-5","-7","-1","2","1","1"
"9401","-5","-7","-1","2","1","1"
"9420","-5","-7","-1","3","1","1"
"9429","-5","-7","-1","4","2","1"
"9442","-5","-7","-1","-3","0","0"
"9450","-5","-7","-1","-3","0","0"
"9463","-5","-7","-1","0","-1","1"
"9471","-5","-7","-1","-3","2","2"
"9483","-5","-7","-1","-3","2","2"
"9491","-5","-7","-1","-3","2","2"
"9500","-5","-7","-1","-1","-1","0"
"9512","-5","-7","-1","-1","-1","0"
"9540","-5","-7","-1","-1","-1","0"
"9555","-5","-7","-1","-1","-1","0"
"9569","-5","-7","-1","-1","-1","0"
"9582","-5","-7","-1","-1","-1","0"
"9590","-5","-7","-1","-1","-1","0"
"9618","-5","-7","-1","3","2","2"
"9627","-5","-7","-1","3","2","2"
"9631","-5","-7","-1","3","2","2"
"9631","-5","-7","-1","3","2","2"
"9646","-5","-7","-1","3","2","2"
"9646","-5","-7","-1","0","0","0"
"9647","-5","-7","-1","2","-2","1"
"9659","-5","-7","-1","2","-2","1"
"9668","-5","-7","-1","1","-1","0"
"9676","-5","-7","-1","-2","-1","1"
"9688","-5","-7","-1","3","-3","1"
"9696","-5","-7","-1","4","-4","0"
"9708","-5","-7","-1","4","-4","0"
"9717","-5","-7","-1","-4","2","-2"
"9737","-5","-7","-1","-4","2","-2"
"9745","-5","-7","-1","-1","1","-1"
"9758","-5","-7","-1","1","-1","0"
"9766","-5","-7","-1","1","1","-2"
"9778","-5","-7","-1","1","1","-2"
"9786","-5","-7","-1","1","-1","0"
"9798","-5","-7","-1","1","-1","0"
"9807","-5","-7","-1","1","-1","0"
"9817","-5","-7","-1","1","1","-1"
"9848","-5","-7","-1","1","1","0"
"9857","-6","-5","-1","0","2","0"
"9868","-5","-6","-1","0","3","-1"
"9871","-3","-6","-1","0","0","1"
"9880","-5","-6","-1","2","0","1"
"9885","-5","-6","-1","3","-2","0"
"9897","-5","-6","-1","3","0","0"
"9905","-5","-6","-1","-3","1","2"
"9917","-5","-6","-1","-3","1","2"
"9926","-5","-6","-1","3","-2","1"
"9945","-5","-6","-1","1","-4","-5"
"9947","-5","-6","-1","-2","-1","1"
"9958","-5","-6","-1","-2","-1","1"
"9967","-5","-6","-1","3","-1","0"
"9975","-5","-6","-1","2","1","0"
"10013","-5","-6","-1","-3","2","0"
"10013","-5","-6","-1","2","0","0"
"10013","-5","-6","-1","2","0","0"
"10038","-5","-6","-1","0","-2","2"
"10064","-4","-5","-1","-2","0","-1"
"10074","-3","-5","-1","2","0","2"
"10074","-3","-5","-1","1","0","0"
"10084","-5","-6","-1","-2","1","0"
"10095","-5","-4","-1","3","1","0"
"10095","-5","-4","-1","-3","0","1"
"10101","-6","-2","-1","-2","-1","1"
"10106","-6","-2","-1","-2","1","-1"
"10118","-6","-2","-1","-2","1","-1"
"10126","-6","-2","-1","-2","-1","-1"
"10150","-6","-2","-1","-2","-1","-1"
"10150","-6","-2","-1","-2","-1","-1"
"10159","-6","-2","-1","-2","0","1"
"10167","-6","-2","-1","0","0","0"
"10179","-6","-2","-1","3","1","-1"
"10188","-6","-2","-1","1","1","2"
"10200","-6","-2","-1","1","1","2"
"10208","-6","-2","-1","2","0","1"
"10296","-6","-2","-1","1","-6","1"
"10296","-6","-2","-1","1","-6","1"
"10310","-6","-2","-1","2","1","0"
"10310","-6","-2","-1","2","1","0"
"10310","-6","-2","-1","2","1","0"
"10320","-6","-2","-1","1","-2","1"
"10329","-6","-2","-1","1","1","1"
"10347","-6","-2","-1","1","1","1"
"10349","-6","-2","-1","1","1","1"
"10360","-6","-2","-1","0","0","1"
"10360","-6","-2","-1","-1","1","1"
